{
    "graph": {
        "vertices": [
            {
                "id": 0,
                "position": [
                    0.020453464275630474,
                    -0.06464635363361491,
                    -0.16180430255909617
                ],
                "geometry": "sphere",
                "edges": [
                    1,
                    0,
                    3,
                    2,
                    4,
                    5,
                    6
                ],
                "neighbours": [
                    1,
                    1,
                    2,
                    2,
                    3,
                    4,
                    5
                ]
            },
            {
                "id": 1,
                "position": [
                    -0.05362373088037325,
                    0.09765818196548343,
                    -0.03132063418093716
                ],
                "geometry": "sphere",
                "edges": [
                    1,
                    0,
                    8,
                    7,
                    9,
                    10,
                    12,
                    11
                ],
                "neighbours": [
                    0,
                    0,
                    2,
                    2,
                    3,
                    4,
                    5,
                    5
                ]
            },
            {
                "id": 2,
                "position": [
                    -0.18079666502687486,
                    -0.07861128639938623,
                    -0.07147409199688164
                ],
                "geometry": "sphere",
                "edges": [
                    3,
                    2,
                    8,
                    7,
                    13,
                    14,
                    16,
                    15
                ],
                "neighbours": [
                    0,
                    0,
                    1,
                    1,
                    3,
                    4,
                    5,
                    5
                ]
            },
            {
                "id": 3,
                "position": [
                    -0.018712772510807062,
                    -0.21152588282374085,
                    -0.0013406286870440212
                ],
                "geometry": "sphere",
                "edges": [
                    4,
                    9,
                    13,
                    18,
                    17,
                    19
                ],
                "neighbours": [
                    0,
                    1,
                    2,
                    4,
                    4,
                    5
                ]
            },
            {
                "id": 4,
                "position": [
                    0.10846016163569216,
                    -0.03525641445886944,
                    0.0388128291289054
                ],
                "geometry": "sphere",
                "edges": [
                    5,
                    10,
                    14,
                    18,
                    17,
                    20
                ],
                "neighbours": [
                    0,
                    1,
                    2,
                    3,
                    3,
                    5
                ]
            },
            {
                "id": 5,
                "position": [
                    -0.09278996766681236,
                    -0.0492213472246444,
                    0.12914303969111768
                ],
                "geometry": "sphere",
                "edges": [
                    6,
                    12,
                    11,
                    16,
                    15,
                    19,
                    20
                ],
                "neighbours": [
                    0,
                    1,
                    1,
                    2,
                    2,
                    3,
                    4
                ]
            }
        ],
        "edges": [
            {
                "id": 0,
                "config": [
                    0,
                    1,
                    0,
                    0
                ],
                "amplitude": 0.0070710678118654745,
                "phase": 0.0,
                "siblingConfig": [
                    1,
                    0,
                    [
                        "edge__1"
                    ]
                ]
            },
            {
                "id": 1,
                "config": [
                    0,
                    1,
                    1,
                    1
                ],
                "amplitude": 1.0,
                "phase": 0.0,
                "siblingConfig": [
                    1,
                    1,
                    [
                        "edge__0"
                    ]
                ]
            },
            {
                "id": 2,
                "config": [
                    0,
                    2,
                    0,
                    1
                ],
                "amplitude": 0.7071067811865475,
                "phase": 1.0,
                "siblingConfig": [
                    1,
                    0,
                    [
                        "edge__3"
                    ]
                ]
            },
            {
                "id": 3,
                "config": [
                    0,
                    2,
                    1,
                    0
                ],
                "amplitude": 0.7071067811865475,
                "phase": 0.0,
                "siblingConfig": [
                    1,
                    1,
                    [
                        "edge__2"
                    ]
                ]
            },
            {
                "id": 4,
                "config": [
                    0,
                    3,
                    1,
                    1
                ],
                "amplitude": 0.714177848998413,
                "phase": 0.0,
                "siblingConfig": [
                    0,
                    0,
                    []
                ]
            },
            {
                "id": 5,
                "config": [
                    0,
                    4,
                    1,
                    1
                ],
                "amplitude": 0.700035713374682,
                "phase": 0.0,
                "siblingConfig": [
                    0,
                    0,
                    []
                ]
            },
            {
                "id": 6,
                "config": [
                    0,
                    5,
                    0,
                    1
                ],
                "amplitude": 0.0070710678118654745,
                "phase": 0.0,
                "siblingConfig": [
                    0,
                    0,
                    []
                ]
            },
            {
                "id": 7,
                "config": [
                    1,
                    2,
                    0,
                    1
                ],
                "amplitude": 0.0070710678118654745,
                "phase": 1.0,
                "siblingConfig": [
                    1,
                    0,
                    [
                        "edge__8"
                    ]
                ]
            },
            {
                "id": 8,
                "config": [
                    1,
                    2,
                    1,
                    0
                ],
                "amplitude": 0.02,
                "phase": 0.0,