{
    "graph": {
        "vertices": [
            {
                "id": 0,
                "position": [
                    -0.07439168557393029,
                    0.1329074737264582,
                    -0.05074904999063386
                ],
                "geometry": "sphere",
                "edges": [
                    6,
                    1,
                    0,
                    7
                ],
                "neighbours": [
                    1,
                    2,
                    2,
                    3
                ]
            },
            {
                "id": 1,
                "position": [
                    0.002626086522159177,
                    0.05505769468957024,
                    -0.061673698617337305
                ],
                "geometry": "sphere",
                "edges": [
                    6,
                    3,
                    2,
                    8
                ],
                "neighbours": [
                    0,
                    2,
                    2,
                    3
                ]
            },
            {
                "id": 2,
                "position": [
                    0.08071159329966124,
                    0.13113689321310187,
                    -0.02977127176827566
                ],
                "geometry": "sphere",
                "edges": [
                    1,
                    0,
                    3,
                    2,
                    5,
                    4
                ],
                "neighbours": [
                    0,
                    0,
                    1,
                    1,
                    3,
                    3
                ]
            },
            {
                "id": 3,
                "position": [
                    -0.0017532486492081588,
                    0.007215741873563443,
                    -0.07442644306680131
                ],
                "geometry": "sphere",
                "edges": [
                    7,
                    8,
                    5,
                    4
                ],
                "neighbours": [
                    0,
                    1,
                    2,
                    2
                ]
            }
        ],
        "edges": [
            {
                "id": 0,
                "config": [
                    0,
                    2,
                    1,
                    0
                ],
                "amplitude": 1.16906155802199,
                "phase": -0.7077979164380546,
                "siblingConfig": [
                    1,
                    0,
                    [
                        "edge__1"
                    ]
                ]
            },
            {
                "id": 1,
                "config": [
                    0,
                    2,
                    0,
                    1
                ],
                "amplitude": 1.078314601829079,
                "phase": 0.26679588674257565,
                "siblingConfig": [
                    1,
                    1,
                    [
                        "edge__0"
                    ]
                ]
            },
            {
                "id": 2,
                "config": [
                    1,
                    2,
                    1,
                    0
                ],
                "amplitude": 1.0965971941330497,
                "phase": 0.2511076513839676,
                "siblingConfig": [
                    1,
                    0,
                    [
                        "edge__3"
                    ]
                ]
            },
            {
                "id": 3,
                "config": [
                    1,
                    2,
                    0,
                    1
                ],
                "amplitude": 0.8382235568703369,
                "phase": 0.11562304668485993,
                "siblingConfig": [
                    1,
                    1,
                    [
                        "edge__2"
                    ]
                ]
            },
            {
                "id": 4,
                "config": [
                    2,
                    3,
                    1,
                    0
                ],
                "amplitude": 1.2199854800246503,
                "phase": 0.277869182230593,
                "siblingConfig": [
                    1,
                    0,
                    [
                        "edge__5"
                    ]
                ]
            },
            {
                "id": 5,
                "config": [
                    2,
                    3,
                    0,
                    1
                ],
                "amplitude": 1.2399901940788718,
                "phase": -0.7256735827915113,
                "siblingConfig": [
                    1,
                    1,
                    [
                        "edge__4"
                    ]
                ]
            },
            {
                "id": 6,
                "config": [
                    0,
                    1,
                    0,
                    1
                ],
                "amplitude": 1.0582016718704121,
                "phase": -0.7817368462860158,
                "siblingConfig": [
                    0,
                    0,
                    []
                ]
            },
            {
                "id": 7,
                "config": [
                    0,
                    3,
                    1,
                    0
                ],
                "amplitude": 1.4232772756962269,
                "phase": -0.7020208429294655,
                "siblingConfig": [
                    0,
                    0,
                    []
                ]
            },
            {
                "id": 8,
                "config": [
                    1,
                    3,
                    0,
                    1
                ],
                "amplitude": 1.1730320245357153,
                "phase": -0.21986987587371504,
                "siblingConfig": [
                    0,
                    0,
                    []
                ]
            }
        ]
    }
}