{
    "graph": {
        "vertices": [
            {
                "id": 0,
                "position": [
                    0.01334301234399312,
                    0.0283403788391706,
                    -0.04912538365845609
                ],
                "geometry": "sphere",
                "edges": [
                    8,
                    2,
                    0,
                    18,
                    17,
                    16,
                    15,
                    14,
                    13,
                    4
                ],
                "neighbours": [
                    1,
                    1,
                    1,
                    2,
                    2,
                    2,
                    2,
                    3,
                    3,
                    3
                ]
            },
            {
                "id": 1,
                "position": [
                    -0.13396423439579233,
                    0.051124030335295334,
                    0.08422183334455119
                ],
                "geometry": "sphere",
                "edges": [
                    8,
                    2,
                    0,
                    12,
                    9,
                    3,
                    19,
                    11,
                    7,
                    6
                ],
                "neighbours": [
                    0,
                    0,
                    0,
                    2,
                    2,
                    2,
                    3,
                    3,
                    3,
                    3
                ]
            },
            {
                "id": 2,
                "position": [
                    -0.04997308026631484,
                    -0.12843695454792234,
                    0.05770129911600444
                ],
                "geometry": "sphere",
                "edges": [
                    18,
                    17,
                    16,
                    15,
                    12,
                    9,
                    3,
                    10,
                    5,
                    1
                ],
                "neighbours": [
                    0,
                    0,
                    0,
                    0,
                    1,
                    1,
                    1,
                    3,
                    3,
                    3
                ]
            },
            {
                "id": 3,
                "position": [
                    0.05315974195639949,
                    0.018056857352245437,
                    0.1466011531953913
                ],
                "geometry": "sphere",
                "edges": [
                    14,
                    13,
                    4,
                    19,
                    11,
                    7,
                    6,
                    10,
                    5,
                    1
                ],
                "neighbours": [
                    0,
                    0,
                    0,
                    1,
                    1,
                    1,
                    1,
                    2,
                    2,
                    2
                ]
            }
        ],
        "edges": [
            {
                "id": 0,
                "config": [
                    0,
                    1,
                    0,
                    1
                ],
                "amplitude": 1.8215632316367385,
                "phase": -0.3150166793297025,
                "siblingConfig": [
                    2,
                    0,
                    [
                        "edge__2",
                        "edge__8"
                    ]
                ]
            },
            {
                "id": 1,
                "config": [
                    2,
                    3,
                    1,
                    1
                ],
                "amplitude": 3.027516595885388,
                "phase": 0.3928488266090135,
                "siblingConfig": [
                    2,
                    0,
                    [
                        "edge__5",
                        "edge__10"
                    ]
                ]
            },
            {
                "id": 2,
                "config": [
                    0,
                    1,
                    1,
                    1
                ],
                "amplitude": 0.9071570283630636,
                "phase": 0.7280749184058778,
                "siblingConfig": [
                    2,
                    1,
                    [
                        "edge__0",
                        "edge__8"
                    ]
                ]
            },
            {
                "id": 3,
                "config": [
                    1,
                    2,
                    0,
                    1
                ],
                "amplitude": 0.6812339215465246,
                "phase": -0.8402588309222571,
                "siblingConfig": [
                    2,
                    0,
                    [
                        "edge__9",
                        "edge__12"
                    ]
                ]
            },
            {
                "id": 4,
                "config": [
                    0,
                    3,
                    0,
                    1
                ],
                "amplitude": 0.612921646292022,
                "phase": 0.06981924834728047,
                "siblingConfig": [
                    2,
                    0,
                    [
                        "edge__13",
                        "edge__14"
                    ]
                ]
            },
            {
                "id": 5,
                "config": [
                    2,
                    3,
                    0,
                    0
                ],
                "amplitude": 1.0679653086301037,
                "phase": -0.3091973076574614,
                "siblingConfig": [
                    2,
                    1,
                    [
                        "edge__1",
                        "edge__10"
                    ]
                ]
            },
            {
                "id": 6,
                "config": [
                    1,
                    3,
                    0,
                    1
                ],
                "amplitude": 0.9839376497468745,
                "phase": 0.7168139908403748,
                "siblingConfig": [
                    3,
                    0,
                    [
                        "edge__7",
                        "edge__11",
                        "edge__19"
                    ]
                ]
            },
            {
                "id": 7,
                "config": [
                    1,
                    3,
                    1,
                    0
                ],
                "amplitude": 0.9819924330506843,
                "phase": 0.7196668653700562,
                "siblingConfig": [
                    3,
                    1,
                    [
                        "edge__6",
                        "edge__11",
                        "edge__19"
                    ]
                ]
            },
            {
                "id": 8,
                "config": [
                    0,
                    1,
                    0,
                    0
                ],
                "amplitude": 2.1199768674569492,
                "phase": -0.6563606430945049,
                "siblingConfig": [
                    2,
                    2,
                    [
                        "edge__0",
                        "edge__2"
                    ]
                ]
            },
            {
                "id": 9,