{
    "graph": {
        "vertices": [
            {
                "id": 0,
                "position": [
                    0.01334301234399312,
                    0.0283403788391706,
                    -0.04912538365845609
                ],
                "geometry": "sphere",
                "edges": [
                    2,
                    1,
                    0,
                    4,
                    3,
                    5
                ],
                "neighbours": [
                    1,
                    1,
                    1,
                    2,
                    2,
                    3
                ]
            },
            {
                "id": 1,
                "position": [
                    -0.13396423439579233,
                    0.051124030335295334,
                    0.08422183334455119
                ],
                "geometry": "sphere",
                "edges": [
                    2,
                    1,
                    0,
                    7,
                    6,
                    8
                ],
                "neighbours": [
                    0,
                    0,
                    0,
                    2,
                    2,
                    3
                ]
            },
            {
                "id": 2,
                "position": [
                    -0.04997308026631484,
                    -0.12843695454792234,
                    0.05770129911600444
                ],
                "geometry": "sphere",
                "edges": [
                    4,
                    3,
                    7,
                    6,
                    10,
                    9
                ],
                "neighbours": [
                    0,
                    0,
                    1,
                    1,
                    3,
                    3
                ]
            },
            {
                "id": 3,
                "position": [
                    0.05315974195639949,
                    0.018056857352245437,
                    0.1466011531953913
                ],
                "geometry": "cube",
                "edges": [
                    5,
                    8,
                    10,
                    9
                ],
                "neighbours": [
                    0,
                    1,
                    2,
                    2
                ]
            }
        ],
        "edges": [
            {
                "id": 0,
                "config": [
                    0,
                    1,
                    0,
                    0
                ],
                "amplitude": 2.112989090290255,
                "phase": 0.34307595593493856,
                "siblingConfig": [
                    2,
                    0,
                    [
                        "edge__1",
                        "edge__2"
                    ]
                ]
            },
            {
                "id": 1,
                "config": [
                    0,
                    1,
                    1,
                    0
                ],
                "amplitude": 2.0053188401195627,
                "phase": -0.6661794397039075,
                "siblingConfig": [
                    2,
                    1,
                    [
                        "edge__0",
                        "edge__2"
                    ]
                ]
            },
            {
                "id": 2,
                "config": [
                    0,
                    1,
                    1,
                    1
                ],
                "amplitude": 1.1160434001241462,
                "phase": -0.14644405272888078,
                "siblingConfig": [
                    2,
                    2,
                    [
                        "edge__0",
                        "edge__1"
                    ]
                ]
            },
            {
                "id": 3,
                "config": [
                    0,
                    2,
                    0,
                    0
                ],
                "amplitude": 1.1503490691579816,
                "phase": 0.16456914879022505,
                "siblingConfig": [
                    1,
                    0,
                    [
                        "edge__4"
                    ]
                ]
            },
            {
                "id": 4,
                "config": [
                    0,
                    2,
                    1,
                    1
                ],
                "amplitude": 2.7234282776240133,
                "phase": -0.3803218453460078,
                "siblingConfig": [
                    1,
                    1,
                    [
                        "edge__3"
                    ]
                ]
            },
            {
                "id": 5,
                "config": [
                    0,
                    3,
                    1,
                    0
                ],
                "amplitude": 1.8125874040083296,
                "phase": -0.6860197165292194,
                "siblingConfig": [
                    0,
                    0,
                    []
                ]
            },
            {
                "id": 6,
                "config": [
                    1,
                    2,
                    1,
                    0
                ],
                "amplitude": 1.5807765201710304,
                "phase": -0.7180124642947481,
                "siblingConfig": [
                    1,
                    0,
                    [
                        "edge__7"
                    ]
                ]
            },
            {
                "id": 7,
                "config": [
                    1,
                    2,
                    1,
                    1
                ],
                "amplitude": 1.9648651913499908,
                "phase": -0.33003721903279565,
                "siblingConfig": [
                    1,
                    1,
                    [
                        "edge__6"
                    ]
                ]
            },
            {
                "id": 8,
                "config": [
                    1,
                    3,
                    1,
                    0
                ],
                "amplitude": 1.7264212124245806,
                "phase": -0.6966478243711239,
                "siblingConfig": [
                    0,
                    0,
                    []
                ]
            },
            {
                "id": 9,
                "config": [
                    2,
                    3,
                    0,
                    0
                ],
                "amplitude": 1.3462992755949192,
                "phase": 0.23350830538019562,
                "siblingConfig": [
                    1,
                    0,
                    [
                        "edge__10"
                    ]
                ]
            },
            {
                "id": 10,
                "config": [
                    2,
                    3,
                    1,
                    0
                ],
                "amplitude": 1.09389366469472,
                "phase": 0.1328471493424875,
                "siblingConfig": [
                    1,
                    1,
                    [
                        "edge__9"
                    ]
                ]
            }
        ],