{
    "graph": {
        "vertices": [
            {
                "id": 0,
                "position": [
                    0.01334301234399312,
                    0.0283403788391706,
                    -0.04912538365845609
                ],
                "geometry": "sphere",
                "edges": [
                    1,
                    0,
                    3,
                    2,
                    4
                ],
                "neighbours": [
                    1,
                    1,
                    2,
                    2,
                    3
                ]
            },
            {
                "id": 1,
                "position": [
                    -0.13396423439579233,
                    0.051124030335295334,
                    0.08422183334455119
                ],
                "geometry": "sphere",
                "edges": [
                    1,
                    0,
                    6,
                    5,
                    8,
                    7
                ],
                "neighbours": [
                    0,
                    0,
                    2,
                    2,
                    3,
                    3
                ]
            },
            {
                "id": 2,
                "position": [
                    -0.04997308026631484,
                    -0.12843695454792234,
                    0.05770129911600444
                ],
                "geometry": "sphere",
                "edges": [
                    3,
                    2,
                    6,
                    5,
                    9
                ],
                "neighbours": [
                    0,
                    0,
                    1,
                    1,
                    3
                ]
            },
            {
                "id": 3,
                "position": [
                    0.05315974195639949,
                    0.018056857352245437,
                    0.1466011531953913
                ],
                "geometry": "cube",
                "edges": [
                    4,
                    8,
                    7,
                    9
                ],
                "neighbours": [
                    0,
                    1,
                    1,
                    2
                ]
            }
        ],
        "edges": [
            {
                "id": 0,
                "config": [
                    0,
                    1,
                    0,
                    0
                ],
                "amplitude": 1.0447406405491935,
                "phase": 0.9065080606347738,
                "siblingConfig": [
                    1,
                    0,
                    [
                        "edge__1"
                    ]
                ]
            },
            {
                "id": 1,
                "config": [
                    0,
                    1,
                    1,
                    1
                ],
                "amplitude": 2.115794603912686,
                "phase": -0.656633991622197,
                "siblingConfig": [
                    1,
                    1,
                    [
                        "edge__0"
                    ]
                ]
            },
            {
                "id": 2,
                "config": [
                    0,
                    2,
                    0,
                    0
                ],
                "amplitude": 1.5512812092378874,
                "phase": 0.27701209126337495,
                "siblingConfig": [
                    1,
                    0,
                    [
                        "edge__3"
                    ]
                ]
            },
            {
                "id": 3,
                "config": [
                    0,
                    2,
                    1,
                    1
                ],
                "amplitude": 1.640894163748286,
                "phase": 0.697133710764428,
                "siblingConfig": [
                    1,
                    1,
                    [
                        "edge__2"
                    ]
                ]
            },
            {
                "id": 4,
                "config": [
                    0,
                    3,
                    1,
                    0
                ],
                "amplitude": 1.7047478517990902,
                "phase": 0.3004672663851832,
                "siblingConfig": [
                    0,
                    0,
                    []
                ]
            },
            {
                "id": 5,
                "config": [
                    1,
                    2,
                    0,
                    0
                ],
                "amplitude": 1.208371700783163,
                "phase": -0.8102716314318387,
                "siblingConfig": [
                    1,
                    0,
                    [
                        "edge__6"
                    ]
                ]
            },
            {
                "id": 6,
                "config": [
                    1,
                    2,
                    1,
                    1
                ],
                "amplitude": 1.0091625354748146,
                "phase": 0.04339555879725774,
                "siblingConfig": [
                    1,
                    1,
                    [
                        "edge__5"
                    ]
                ]
            },
            {
                "id": 7,
                "config": [
                    1,
                    3,
                    0,
                    0
                ],
                "amplitude": 2.8396459983320965,
                "phase": 0.38544845811286776,
                "siblingConfig": [
                    1,
                    0,
                    [
                        "edge__8"
                    ]
                ]
            },
            {
                "id": 8,
                "config": [
                    1,
                    3,
                    1,
                    0
                ],
                "amplitude": 1.1108592288908232,
                "phase": -0.8565828023231742,
                "siblingConfig": [
                    1,
                    1,
                    [
                        "edge__7"
                    ]
                ]
            },
            {
                "id": 9,
                "config": [
                    2,
                    3,
                    1,
                    0
                ],
                "amplitude": 2.9185078130567117,
                "phase": -0.6113213937901251,
                "siblingConfig": [
                    0,
                    0,
                    []
                ]
            }
        ],
        "amplitudes": [
            [
                0.27,
                0.0
            ],
            [
                0.377,
                0.0
            ],
            [
                0.326,
                0.0
            ],
            [
                0.363,
                0.0
            ],
            [
                0.74,
                -2.4818581963359367
            ]
        ],
        "target_state": [
            "000",
            "100",
            "010",
            "001",
            "111"
        ],
        "num_anc": 1
    }
}