{
    "graph": {
        "vertices": [
            {
                "id": 0,
                "position": [
                    0.020453464275630474,
                    -0.06464635363361491,
                    -0.16180430255909617
                ],
                "geometry": "sphere",
                "edges": [
                    3,
                    2,
                    1,
                    0,
                    4,
                    6,
                    5,
                    7,
                    8
                ],
                "neighbours": [
                    1,
                    1,
                    1,
                    1,
                    2,
                    3,
                    3,
                    4,
                    5
                ]
            },
            {
                "id": 1,
                "position": [
                    -0.05362373088037325,
                    0.09765818196548343,
                    -0.03132063418093716
                ],
                "geometry": "sphere",
                "edges": [
                    3,
                    2,
                    1,
                    0,
                    9,
                    11,
                    10,
                    12,
                    13
                ],
                "neighbours": [
                    0,
                    0,
                    0,
                    0,
                    2,
                    3,
                    3,
                    4,
                    5
                ]
            },
            {
                "id": 2,
                "position": [
                    -0.18079666502687486,
                    -0.07861128639938623,
                    -0.07147409199688164
                ],
                "geometry": "sphere",
                "edges": [
                    4,
                    9,
                    14,
                    15,
                    17,
                    16
                ],
                "neighbours": [
                    0,
                    1,
                    3,
                    4,
                    5,
                    5
                ]
            },
            {
                "id": 3,
                "position": [
                    -0.018712772510807062,
                    -0.21152588282374085,
                    -0.0013406286870440212
                ],
                "geometry": "cube",
                "edges": [
                    6,
                    5,
                    11,
                    10,
                    14,
                    18,
                    19
                ],
                "neighbours": [
                    0,
                    0,
                    1,
                    1,
                    2,
                    4,
                    5
                ]
            },
            {
                "id": 4,
                "position": [
                    0.10846016163569216,
                    -0.03525641445886944,
                    0.0388128291289054
                ],
                "geometry": "cube",
                "edges": [
                    7,
                    12,
                    15,
                    18,
                    20
                ],
                "neighbours": [
                    0,
                    1,
                    2,
                    3,
                    5
                ]
            },
            {
                "id": 5,
                "position": [
                    -0.09278996766681236,
                    -0.0492213472246444,
                    0.12914303969111768
                ],
                "geometry": "cube",
                "edges": [
                    8,
                    13,
                    17,
                    16,
                    19,
                    20
                ],
                "neighbours": [
                    0,
                    1,
                    2,
                    2,
                    3,
                    4
                ]
            }
        ],
        "edges": [
            {
                "id": 0,
                "config": [
                    0,
                    1,
                    1,
                    0
                ],
                "amplitude": 1.0,
                "phase": 0.0,
                "siblingConfig": [
                    3,
                    0,
                    [
                        "edge__1",
                        "edge__2",
                        "edge__3"
                    ]
                ]
            },
            {
                "id": 1,
                "config": [
                    0,
                    1,
                    2,
                    2
                ],
                "amplitude": 1.0,
                "phase": 0.0,
                "siblingConfig": [
                    3,
                    1,
                    [
                        "edge__0",
                        "edge__2",
                        "edge__3"
                    ]
                ]
            },
            {
                "id": 2,
                "config": [
                    0,
                    1,
                    3,
                    3
                ],
                "amplitude": 1.0,
                "phase": 0.0,
                "siblingConfig": [
                    3,
                    2,
                    [
                        "edge__0",
                        "edge__1",
                        "edge__3"
                    ]
                ]
            },
            {
                "id": 3,
                "config": [
                    0,
                    1,
                    4,
                    4
                ],
                "amplitude": 1.0,
                "phase": 0.0,
                "siblingConfig": [
                    3,
                    3,
                    [
                        "edge__0",
                        "edge__1",
                        "edge__2"
                    ]
                ]
            },
            {
                "id": 4,
                "config": [
                    0,
                    2,
                    0,
                    0
                ],
                "amplitude": 1.0,
                "phase": 0.0,
                "siblingConfig": [
                    0,
                    0,
                    []
                ]
            },
            {
                "id": 5,
                "config": [
                    0,
                    3,
                    1,
                    0
                ],
                "amplitude": 1.0,
                "phase": 0.0,
                "siblingConfig": [
                    1,
                    0,
                    [
                        "edge__6"
                    ]
                ]
            },
            {
                "id": 6,
                "config": [
                    0,
                    3,
                    2,
                    0
                ],
                "amplitude": 1.0,
                "phase": 1.0,
                "siblingConfig": [
                    1,
                    1,
                    [
                        "edge__5"
                    ]
                ]
            },
            {
                "id": 7,
                "config": [
                    0,
                    4,
                    2,
                    0
                ],
                "amplitude": 1.0,
                "phase": 1.0,
                "siblingConfig": [
                    0,
                    0,
                    []
                ]
            },
            {
                "id": 8,
                "config": [
                    0,
                    5,
                    1,
                    0
                ],