{
    "graph": {
        "vertices": [
            {
                "id": 0,
                "position": [
                    -0.000252229006427962,
                    -0.025445011925113503,
                    -0.04317866030178785
                ],
                "geometry": "tetrahedron",
                "edges": [
                    0,
                    1,
                    2,
                    3
                ],
                "neighbours": [
                    4,
                    7,
                    9,
                    11
                ]
            },
            {
                "id": 1,
                "position": [
                    0.0015532140236423908,
                    -0.02922481188547521,
                    -0.008256013852880606
                ],
                "geometry": "tetrahedron",
                "edges": [
                    4,
                    5,
                    6,
                    7,
                    8,
                    9,
                    10
                ],
                "neighbours": [
                    4,
                    5,
                    7,
                    8,
                    9,
                    10,
                    11
                ]
            },
            {
                "id": 2,
                "position": [
                    0.006657310532624985,
                    -0.03485869934445773,
                    0.02619531779393308
                ],
                "geometry": "tetrahedron",
                "edges": [
                    11,
                    12,
                    13,
                    14,
                    15,
                    16,
                    17
                ],
                "neighbours": [
                    5,
                    6,
                    7,
                    8,
                    9,
                    10,
                    11
                ]
            },
            {
                "id": 3,
                "position": [
                    0.008631234626193196,
                    -0.03946411121810889,
                    0.06293850193869743
                ],
                "geometry": "tetrahedron",
                "edges": [
                    18,
                    19,
                    20,
                    21
                ],
                "neighbours": [
                    6,
                    8,
                    10,
                    11
                ]
            },
            {
                "id": 4,
                "position": [
                    -0.00221089198627393,
                    -0.055165098971037274,
                    -0.03475510069338644
                ],
                "geometry": "sphere",
                "edges": [
                    0,
                    4,
                    22
                ],
                "neighbours": [
                    0,
                    1,
                    5
                ]
            },
            {
                "id": 5,
                "position": [
                    0.002545374040746881,
                    -0.062094183127645586,
                    -0.002007454892960614
                ],
                "geometry": "sphere",
                "edges": [
                    5,
                    11,
                    22,
                    23
                ],
                "neighbours": [
                    1,
                    2,
                    4,
                    6
                ]
            },
            {
                "id": 6,
                "position": [
                    0.003511436368995993,
                    -0.0678129068522153,
                    0.037667801515236576
                ],
                "geometry": "sphere",
                "edges": [
                    12,
                    18,
                    23
                ],
                "neighbours": [
                    2,
                    3,
                    5
                ]
            },
            {
                "id": 7,
                "position": [
                    0.04249152783477528,
                    -0.03109652034942223,
                    -0.014097320266996172
                ],
                "geometry": "sphere",
                "edges": [
                    1,
                    6,
                    13,
                    24,
                    25
                ],
                "neighbours": [
                    0,
                    1,
                    2,
                    8,
                    11
                ]
            },
            {
                "id": 8,
                "position": [
                    0.04148119232862231,
                    -0.0348206755137086,
                    0.024504084546937366
                ],
                "geometry": "sphere",
                "edges": [
                    7,
                    14,
                    19,
                    24,
                    26
                ],
                "neighbours": [
                    1,
                    2,
                    3,
                    7,
                    11
                ]
            },
            {
                "id": 9,
                "position": [
                    -0.02652160141716267,
                    -0.031110612640431246,
                    -0.006138318980288937
                ],
                "geometry": "sphere",
                "edges": [
                    2,
                    8,
                    15,
                    27,
                    28
                ],
                "neighbours": [
                    0,
                    1,
                    2,
                    10,
                    11
                ]
            },
            {
                "id": 10,
                "position": [
                    -0.027284767552415046,
                    -0.03090991910962626,
                    0.027646018690484164
                ],
                "geometry": "sphere",
                "edges": [
                    9,
                    16,
                    20,
                    27,
                    29
                ],
                "neighbours": [
                    1,
                    2,
                    3,
                    9,
                    11
                ]
            },
            {
                "id": 11,
                "position": [
                    0.003597915358885692,
                    -0.008568846721350276,
                    0.009195610816837285
                ],
                "geometry": "sphere",
                "edges": [
                    3,
                    10,
                    17,
                    21,
                    25,
                    26,
                    28,
                    29
                ],
                "neighbours": [
                    0,
                    1,
                    2,
                    3,
                    7,
                    8,
                    9,
                    10
                ]
            }
        ],
        "edges": [
            {
                "id": 0,
                "config": [
                    0,
                    4,
                    99,
                    99
                ],
                "amplitude": 1.0,
                "phase": 0.0,
                "siblingConfig": [
                    0,
                    0,
                    []
                ]
            },
            {
                "id": 1,
                "config": [
                    0,
                    7,
                    99,
                    99
                ],
                "amplitude": 1.0,
                "phase": 0.0,