{
    "graph": {
        "vertices": [
            {
                "id": 0,
                "position": [
                    0.005821593771645289,
                    -0.05051780356517854,
                    -0.01525664365311541
                ],
                "geometry": "tetrahedron",
                "edges": [
                    1,
                    0,
                    2,
                    4,
                    3,
                    5
                ],
                "neighbours": [
                    3,
                    3,
                    5,
                    8,
                    8,
                    9
                ]
            },
            {
                "id": 1,
                "position": [
                    0.0032209107374027712,
                    -0.06789326739917967,
                    0.02407229476034911
                ],
                "geometry": "tetrahedron",
                "edges": [
                    6,
                    7,
                    22,
                    9,
                    8,
                    10
                ],
                "neighbours": [
                    3,
                    4,
                    5,
                    6,
                    6,
                    8
                ]
            },
            {
                "id": 2,
                "position": [
                    0.004596370770097058,
                    -0.07792340525989405,
                    0.06966267254516023
                ],
                "geometry": "tetrahedron",
                "edges": [
                    12,
                    11,
                    13,
                    14,
                    16,
                    15
                ],
                "neighbours": [
                    3,
                    3,
                    4,
                    7,
                    8,
                    8
                ]
            },
            {
                "id": 3,
                "position": [
                    -0.03790756660801961,
                    -0.06316334701070603,
                    0.027274170282111987
                ],
                "geometry": "sphere",
                "edges": [
                    1,
                    0,
                    6,
                    12,
                    11,
                    17
                ],
                "neighbours": [
                    0,
                    0,
                    1,
                    2,
                    2,
                    9
                ]
            },
            {
                "id": 4,
                "position": [
                    0.003400754688296953,
                    -0.10690063316468379,
                    0.030922800185198884
                ],
                "geometry": "sphere",
                "edges": [
                    7,
                    13,
                    18
                ],
                "neighbours": [
                    1,
                    2,
                    5
                ]
            },
            {
                "id": 5,
                "position": [
                    0.00198582959409091,
                    -0.09808073150764618,
                    -0.0025349210149612222
                ],
                "geometry": "sphere",
                "edges": [
                    2,
                    22,
                    18
                ],
                "neighbours": [
                    0,
                    1,
                    4
                ]
            },
            {
                "id": 6,
                "position": [
                    0.0029475424897666136,
                    -0.02138426174407182,
                    0.034370074535055695
                ],
                "geometry": "sphere",
                "edges": [
                    9,
                    8,
                    19,
                    20
                ],
                "neighbours": [
                    1,
                    1,
                    7,
                    9
                ]
            },
            {
                "id": 7,
                "position": [
                    0.04279545430320908,
                    -0.02937281527704383,
                    0.034639086593714286
                ],
                "geometry": "sphere",
                "edges": [
                    14,
                    19,
                    21
                ],
                "neighbours": [
                    2,
                    6,
                    8
                ]
            },
            {
                "id": 8,
                "position": [
                    0.04341419457738703,
                    -0.06535298077087237,
                    0.020428675662118367
                ],
                "geometry": "sphere",
                "edges": [
                    4,
                    3,
                    10,
                    16,
                    15,
                    21
                ],
                "neighbours": [
                    0,
                    0,
                    1,
                    2,
                    2,
                    7
                ]
            },
            {
                "id": 9,
                "position": [
                    -0.031101739209725338,
                    -0.03223511755914821,
                    0.03768337550473766
                ],
                "geometry": "sphere",
                "edges": [
                    5,
                    17,
                    20
                ],
                "neighbours": [
                    0,
                    3,
                    6
                ]
            }
        ],
        "edges": [
            {
                "id": 0,
                "config": [
                    0,
                    3,
                    0,
                    0
                ],
                "amplitude": 1.0,
                "phase": 1.0,
                "siblingConfig": [
                    1,
                    0,
                    [
                        "edge__1"
                    ]
                ]
            },
            {
                "id": 1,
                "config": [
                    0,
                    3,
                    2,
                    0
                ],
                "amplitude": 1.0,
                "phase": 1.0,
                "siblingConfig": [
                    1,
                    1,
                    [
                        "edge__0"
                    ]
                ]
            },
            {
                "id": 2,
                "config": [
                    0,
                    5,
                    1,
                    0
                ],
                "amplitude": 1.0,
                "phase": 0.0,
                "siblingConfig": [
                    0,
                    0,
                    []
                ]
            },
            {
                "id": 3,
                "config": [
                    0,
                    8,
                    0,
                    0
                ],
                "amplitude": 1.0,
                "phase": 0.0,
                "siblingConfig": [
                    1,
                    0,
                    [
                        "edge__4"
                    ]
                ]
            },
            {
                "id": 4,
                "config": [
                    0,
                    8,
                    2,
                    0
                ],
                "amplitude": 1.0,
                "phase": 1.0,
                "siblingConfig": [
                    1,
                    1,
                    [
                        "edge__3"
                    ]
                ]
            },
            {
                "id": 5,