{
    "graph": {
        "vertices": [
            {
                "id": 0,
                "position": [
                    0.03753752137321604,
                    -0.07163798167890896,
                    0.0022091236401557347
                ],
                "geometry": "tetrahedron",
                "edges": [
                    7,
                    0,
                    4,
                    1
                ],
                "neighbours": [
                    2,
                    2,
                    3,
                    3
                ]
            },
            {
                "id": 1,
                "position": [
                    -0.04776507342580627,
                    0.05531273918523358,
                    -0.005403273604902376
                ],
                "geometry": "tetrahedron",
                "edges": [
                    6,
                    2,
                    5,
                    3
                ],
                "neighbours": [
                    2,
                    2,
                    3,
                    3
                ]
            },
            {
                "id": 2,
                "position": [
                    -0.008976979434064938,
                    -0.015323754309941793,
                    -0.07773205729983011
                ],
                "geometry": "sphere",
                "edges": [
                    7,
                    0,
                    6,
                    2
                ],
                "neighbours": [
                    0,
                    0,
                    1,
                    1
                ]
            },
            {
                "id": 3,
                "position": [
                    -0.0012505726185255163,
                    -0.0010014881837332036,
                    0.0745379073350835
                ],
                "geometry": "sphere",
                "edges": [
                    4,
                    1,
                    5,
                    3
                ],
                "neighbours": [
                    0,
                    0,
                    1,
                    1
                ]
            }
        ],
        "edges": [
            {
                "id": 0,
                "config": [
                    0,
                    2,
                    2,
                    0
                ],
                "amplitude": 2.183261132074572,
                "phase": 0.34855507465276014,
                "siblingConfig": [
                    1,
                    0,
                    [
                        "edge__7"
                    ]
                ]
            },
            {
                "id": 1,
                "config": [
                    0,
                    3,
                    1,
                    0
                ],
                "amplitude": 1.7313533715817326,
                "phase": -0.3039960469072537,
                "siblingConfig": [
                    1,
                    0,
                    [
                        "edge__4"
                    ]
                ]
            },
            {
                "id": 2,
                "config": [
                    1,
                    2,
                    2,
                    0
                ],
                "amplitude": 1.313150437493358,
                "phase": -0.7755501842219135,
                "siblingConfig": [
                    1,
                    0,
                    [
                        "edge__6"
                    ]
                ]
            },
            {
                "id": 3,
                "config": [
                    1,
                    3,
                    1,
                    0
                ],
                "amplitude": 2.7676981631961874,
                "phase": 0.6176707528145379,
                "siblingConfig": [
                    1,
                    0,
                    [
                        "edge__5"
                    ]
                ]
            },
            {
                "id": 4,
                "config": [
                    0,
                    3,
                    0,
                    0
                ],
                "amplitude": 1.5933971523940604,
                "phase": -0.7159585254783052,
                "siblingConfig": [
                    1,
                    1,
                    [
                        "edge__1"
                    ]
                ]
            },
            {
                "id": 5,
                "config": [
                    1,
                    3,
                    0,
                    0
                ],
                "amplitude": 1.2902383932489883,
                "phase": -0.7822756527775011,
                "siblingConfig": [
                    1,
                    1,
                    [
                        "edge__3"
                    ]
                ]
            },
            {
                "id": 6,
                "config": [
                    1,
                    2,
                    0,
                    0
                ],
                "amplitude": 1.2083427585961122,
                "phase": -0.18971712906334037,
                "siblingConfig": [
                    1,
                    1,
                    [
                        "edge__2"
                    ]
                ]
            },
            {
                "id": 7,
                "config": [
                    0,
                    2,
                    0,
                    0
                ],
                "amplitude": 1.7657059807550815,
                "phase": -0.3083567122193665,
                "siblingConfig": [
                    1,
                    1,
                    [
                        "edge__0"
                    ]
                ]
            }
        ],
        "amplitudes": [
            [
                1,
                0
            ],
            [
                -0.5,
                0.288675134594813
            ],
            [
                -0.5,
                0.288675134594813
            ],
            [
                -0.5,
                0.288675134594813
            ],
            [
                0.5,
                -0.288675134594813
            ],
            [
                -0.5,
                0.288675134594813
            ],
            [
                0.5,
                0.288675134594813
            ]
        ],
        "target_state": [
            "00",
            "01",
            "02",
            "10",
            "12",
            "20",
            "21"
        ],
        "in_nodes": [
            0,
            1
        ],
        "num_anc": 0
    }
}