{
    "graph": {
        "vertices": [
            {
                "id": 0,
                "position": [
                    0.04855876371549889,
                    -0.0006522294338651147,
                    -0.1351081872412424
                ],
                "geometry": "sphere",
                "edges": [
                    21,
                    1,
                    0,
                    19,
                    24,
                    22,
                    20,
                    18,
                    3,
                    2
                ],
                "neighbours": [
                    1,
                    1,
                    1,
                    2,
                    3,
                    4,
                    4,
                    4,
                    5,
                    5
                ]
            },
            {
                "id": 1,
                "position": [
                    -0.05706691265285657,
                    0.13680624382223217,
                    -0.023929718748409212
                ],
                "geometry": "sphere",
                "edges": [
                    21,
                    1,
                    0,
                    23,
                    4,
                    25,
                    17,
                    5,
                    6,
                    7
                ],
                "neighbours": [
                    0,
                    0,
                    0,
                    2,
                    2,
                    3,
                    3,
                    3,
                    4,
                    5
                ]
            },
            {
                "id": 2,
                "position": [
                    -0.1365997205909678,
                    -0.02402163767161336,
                    -0.11177489482859237
                ],
                "geometry": "sphere",
                "edges": [
                    19,
                    23,
                    4,
                    8,
                    26,
                    10,
                    9,
                    11
                ],
                "neighbours": [
                    0,
                    1,
                    1,
                    3,
                    4,
                    4,
                    4,
                    5
                ]
            },
            {
                "id": 3,
                "position": [
                    -0.05024249554599758,
                    0.0028724797576966665,
                    -0.08863485102103008
                ],
                "geometry": "cube",
                "edges": [
                    24,
                    25,
                    17,
                    5,
                    8,
                    13,
                    12,
                    15,
                    14
                ],
                "neighbours": [
                    0,
                    1,
                    1,
                    1,
                    2,
                    4,
                    4,
                    5,
                    5
                ]
            },
            {
                "id": 4,
                "position": [
                    -0.023434628779172573,
                    -0.08343038065215347,
                    0.015572436671288548
                ],
                "geometry": "cube",
                "edges": [
                    22,
                    20,
                    18,
                    6,
                    26,
                    10,
                    9,
                    13,
                    12,
                    16
                ],
                "neighbours": [
                    0,
                    0,
                    0,
                    1,
                    2,
                    2,
                    2,
                    3,
                    3,
                    5
                ]
            },
            {
                "id": 5,
                "position": [
                    -0.04968787813744785,
                    0.013644911355127798,
                    -0.03359495933747059
                ],
                "geometry": "cube",
                "edges": [
                    3,
                    2,
                    7,
                    11,
                    15,
                    14,
                    16
                ],
                "neighbours": [
                    0,
                    0,
                    1,
                    2,
                    3,
                    3,
                    4
                ]
            }
        ],
        "edges": [
            {
                "id": 0,
                "config": [
                    0,
                    1,
                    0,
                    1
                ],
                "amplitude": 0.6722306083573556,
                "phase": 1.0,
                "siblingConfig": [
                    2,
                    0,
                    [
                        "edge__1",
                        "edge__21"
                    ]
                ]
            },
            {
                "id": 1,
                "config": [
                    0,
                    1,
                    1,
                    1
                ],
                "amplitude": 1.0,
                "phase": 1.0,
                "siblingConfig": [
                    2,
                    1,
                    [
                        "edge__0",
                        "edge__21"
                    ]
                ]
            },
            {
                "id": 2,
                "config": [
                    0,
                    5,
                    0,
                    0
                ],
                "amplitude": 0.7558265693956712,
                "phase": 0.0,
                "siblingConfig": [
                    1,
                    0,
                    [
                        "edge__3"
                    ]
                ]
            },
            {
                "id": 3,
                "config": [
                    0,
                    5,
                    1,
                    0
                ],
                "amplitude": 0.9006765573482468,
                "phase": 0.0,
                "siblingConfig": [
                    1,
                    1,
                    [
                        "edge__2"
                    ]
                ]
            },
            {
                "id": 4,
                "config": [
                    1,
                    2,
                    1,
                    1
                ],
                "amplitude": 0.9574349439342957,
                "phase": 0.0,
                "siblingConfig": [
                    1,
                    0,
                    [
                        "edge__23"
                    ]
                ]
            },
            {
                "id": 5,
                "config": [
                    1,
                    3,
                    1,
                    1
                ],
                "amplitude": 0.7084348571633617,
                "phase": 1.0,
                "siblingConfig": [
                    2,
                    0,
                    [
                        "edge__17",
                        "edge__25"
                    ]
                ]
            },
            {
                "id": 6,
                "config": [
                    1,
                    4,
                    0,
                    0
                ],
                "amplitude": 0.779757071162143,
                "phase": 0.0,
                "siblingConfig": [
                    0,
                    0,
                    []
                ]
            },
            {
                "id": 7,