{
    "graph": {
        "vertices": [
            {
                "id": 0,
                "position": [
                    0.01334301234399312,
                    0.0283403788391706,
                    -0.04912538365845609
                ],
                "geometry": "sphere",
                "edges": [
                    9,
                    0,
                    10,
                    1,
                    2
                ],
                "neighbours": [
                    1,
                    1,
                    2,
                    2,
                    3
                ]
            },
            {
                "id": 1,
                "position": [
                    -0.13396423439579233,
                    0.051124030335295334,
                    0.08422183334455119
                ],
                "geometry": "sphere",
                "edges": [
                    9,
                    0,
                    4,
                    3,
                    6,
                    5
                ],
                "neighbours": [
                    0,
                    0,
                    2,
                    2,
                    3,
                    3
                ]
            },
            {
                "id": 2,
                "position": [
                    -0.04997308026631484,
                    -0.12843695454792234,
                    0.05770129911600444
                ],
                "geometry": "sphere",
                "edges": [
                    10,
                    1,
                    4,
                    3,
                    8,
                    7
                ],
                "neighbours": [
                    0,
                    0,
                    1,
                    1,
                    3,
                    3
                ]
            },
            {
                "id": 3,
                "position": [
                    0.05315974195639949,
                    0.018056857352245437,
                    0.1466011531953913
                ],
                "geometry": "sphere",
                "edges": [
                    2,
                    6,
                    5,
                    8,
                    7
                ],
                "neighbours": [
                    0,
                    1,
                    1,
                    2,
                    2
                ]
            }
        ],
        "edges": [
            {
                "id": 0,
                "config": [
                    0,
                    1,
                    1,
                    0
                ],
                "amplitude": 1.0136545814103397,
                "phase": -0.05230558386275483,
                "siblingConfig": [
                    1,
                    0,
                    [
                        "edge__9"
                    ]
                ]
            },
            {
                "id": 1,
                "config": [
                    0,
                    2,
                    1,
                    0
                ],
                "amplitude": 1.060190054891794,
                "phase": -0.10777351267615669,
                "siblingConfig": [
                    1,
                    0,
                    [
                        "edge__10"
                    ]
                ]
            },
            {
                "id": 2,
                "config": [
                    0,
                    3,
                    1,
                    0
                ],
                "amplitude": 3.1442558244414007,
                "phase": -0.6030247255335628,
                "siblingConfig": [
                    0,
                    0,
                    []
                ]
            },
            {
                "id": 3,
                "config": [
                    1,
                    2,
                    1,
                    0
                ],
                "amplitude": 1.6110634118848237,
                "phase": 0.7131547621307263,
                "siblingConfig": [
                    1,
                    0,
                    [
                        "edge__4"
                    ]
                ]
            },
            {
                "id": 4,
                "config": [
                    1,
                    2,
                    1,
                    1
                ],
                "amplitude": 1.6115116228168245,
                "phase": 0.7130846796549342,
                "siblingConfig": [
                    1,
                    1,
                    [
                        "edge__3"
                    ]
                ]
            },
            {
                "id": 5,
                "config": [
                    1,
                    3,
                    0,
                    1
                ],
                "amplitude": 1.2986045038548903,
                "phase": 0.7797724614350612,
                "siblingConfig": [
                    1,
                    0,
                    [
                        "edge__6"
                    ]
                ]
            },
            {
                "id": 6,
                "config": [
                    1,
                    3,
                    1,
                    1
                ],
                "amplitude": 1.692106579126718,
                "phase": -0.298741473636701,
                "siblingConfig": [
                    1,
                    1,
                    [
                        "edge__5"
                    ]
                ]
            },
            {
                "id": 7,
                "config": [
                    2,
                    3,
                    0,
                    0
                ],
                "amplitude": 1.8458656350674054,
                "phase": -0.31776148212154626,
                "siblingConfig": [
                    1,
                    0,
                    [
                        "edge__8"
                    ]
                ]
            },
            {
                "id": 8,
                "config": [
                    2,
                    3,
                    0,
                    1
                ],
                "amplitude": 2.692655890555742,
                "phase": -0.621115466719219,
                "siblingConfig": [
                    1,
                    1,
                    [
                        "edge__7"
                    ]
                ]
            },
            {
                "id": 9,
                "config": [
                    0,
                    1,
                    0,
                    1
                ],
                "amplitude": 1.0136710187680584,
                "phase": -0.05233670284714014,
                "siblingConfig": [
                    1,
                    1,
                    [
                        "edge__0"
                    ]
                ]
            },
            {
                "id": 10,
                "config": [
                    0,
                    2,
                    0,
                    1
                ],
                "amplitude": 1.1642551137902966,
                "phase": 0.1711369802886346,
                "siblingConfig": [
                    1,
                    1,
                    [
                        "edge__1"
                    ]
                ]
            }
        ],
        "target_state": [
            "0011",
            "0100",
            "0111",
            "1000",
            "1100",
            "1101",
            "1110"
        ],
        "num_anc": 0
    }
}