{
    "graph": {
        "vertices": [
            {
                "id": 0,
                "position": [
                    0.0057021695532914465,
                    0.09176853503011072,
                    0.005941167217696717
                ],
                "geometry": "sphere",
                "edges": [
                    1,
                    0,
                    3,
                    2,
                    5,
                    4,
                    6,
                    7
                ],
                "neighbours": [
                    1,
                    1,
                    2,
                    2,
                    3,
                    3,
                    4,
                    5
                ]
            },
            {
                "id": 1,
                "position": [
                    0.07906855433290498,
                    -0.02699560388097421,
                    -0.03880313773758081
                ],
                "geometry": "sphere",
                "edges": [
                    1,
                    0,
                    9,
                    8,
                    11,
                    10,
                    12,
                    13
                ],
                "neighbours": [
                    0,
                    0,
                    2,
                    2,
                    3,
                    3,
                    4,
                    5
                ]
            },
            {
                "id": 2,
                "position": [
                    -0.071057561085358,
                    -0.02020233317499742,
                    -0.03912490225048714
                ],
                "geometry": "sphere",
                "edges": [
                    3,
                    2,
                    9,
                    8,
                    15,
                    14,
                    16,
                    17
                ],
                "neighbours": [
                    0,
                    0,
                    1,
                    1,
                    3,
                    3,
                    4,
                    5
                ]
            },
            {
                "id": 3,
                "position": [
                    0.008421317393961505,
                    -0.06714000112032513,
                    0.07891559527409285
                ],
                "geometry": "sphere",
                "edges": [
                    5,
                    4,
                    11,
                    10,
                    15,
                    14,
                    18,
                    19
                ],
                "neighbours": [
                    0,
                    0,
                    1,
                    1,
                    2,
                    2,
                    4,
                    5
                ]
            },
            {
                "id": 4,
                "position": [
                    -0.029627338891940767,
                    0.009293997194731672,
                    0.004911420267962429
                ],
                "geometry": "cube",
                "edges": [
                    6,
                    12,
                    16,
                    18
                ],
                "neighbours": [
                    0,
                    1,
                    2,
                    3
                ]
            },
            {
                "id": 5,
                "position": [
                    0.03154633606982056,
                    0.0077381475468871735,
                    0.002971431122806011
                ],
                "geometry": "cube",
                "edges": [
                    7,
                    13,
                    17,
                    19
                ],
                "neighbours": [
                    0,
                    1,
                    2,
                    3
                ]
            }
        ],
        "edges": [
            {
                "id": 0,
                "config": [
                    0,
                    1,
                    0,
                    1
                ],
                "amplitude": 1.0,
                "phase": 0.0,
                "siblingConfig": [
                    1,
                    0,
                    [
                        "edge__1"
                    ]
                ]
            },
            {
                "id": 1,
                "config": [
                    0,
                    1,
                    1,
                    0
                ],
                "amplitude": 1.0,
                "phase": 0.0,
                "siblingConfig": [
                    1,
                    1,
                    [
                        "edge__0"
                    ]
                ]
            },
            {
                "id": 2,
                "config": [
                    0,
                    2,
                    0,
                    1
                ],
                "amplitude": 1.0,
                "phase": 0.0,
                "siblingConfig": [
                    1,
                    0,
                    [
                        "edge__3"
                    ]
                ]
            },
            {
                "id": 3,
                "config": [
                    0,
                    2,
                    1,
                    0
                ],
                "amplitude": 1.0,
                "phase": 0.0,
                "siblingConfig": [
                    1,
                    1,
                    [
                        "edge__2"
                    ]
                ]
            },
            {
                "id": 4,
                "config": [
                    0,
                    3,
                    0,
                    1
                ],
                "amplitude": 1.0,
                "phase": 0.0,
                "siblingConfig": [
                    1,
                    0,
                    [
                        "edge__5"
                    ]
                ]
            },
            {
                "id": 5,
                "config": [
                    0,
                    3,
                    1,
                    0
                ],
                "amplitude": 1.0,
                "phase": 0.0,
                "siblingConfig": [
                    1,
                    1,
                    [
                        "edge__4"
                    ]
                ]
            },
            {
                "id": 6,
                "config": [
                    0,
                    4,
                    2,
                    0
                ],
                "amplitude": 1.0,
                "phase": 0.0,
                "siblingConfig": [
                    0,
                    0,
                    []
                ]
            },
            {
                "id": 7,
                "config": [
                    0,
                    5,
                    0,
                    0
                ],
                "amplitude": 1.0,
                "phase": 0.0,
                "siblingConfig": [
                    0,
                    0,
                    []
                ]
            },
            {
                "id": 8,
                "config": [
                    1,
                    2,
                    0,
                    1
                ],
                "amplitude": 1.0,
                "phase": 0.0,
                "siblingConfig": [
                    1,
                    0,
                    [
                        "edge__9"
                    ]
                ]
            },
            {
                "id": 9,