{
    "graph": {
        "vertices": [
            {
                "id": 0,
                "position": [
                    0.013343012343993266,
                    0.02834037883917062,
                    -0.0491253836584562
                ],
                "geometry": "sphere",
                "edges": [
                    1,
                    0,
                    3,
                    2,
                    4
                ],
                "neighbours": [
                    1,
                    1,
                    2,
                    2,
                    3
                ]
            },
            {
                "id": 1,
                "position": [
                    -0.1339642343957923,
                    0.051124030335295445,
                    0.08422183334455113
                ],
                "geometry": "sphere",
                "edges": [
                    1,
                    0,
                    6,
                    5,
                    7
                ],
                "neighbours": [
                    0,
                    0,
                    2,
                    2,
                    3
                ]
            },
            {
                "id": 2,
                "position": [
                    -0.04997308026631486,
                    -0.12843695454792248,
                    0.05770129911600441
                ],
                "geometry": "sphere",
                "edges": [
                    3,
                    2,
                    6,
                    5,
                    8
                ],
                "neighbours": [
                    0,
                    0,
                    1,
                    1,
                    3
                ]
            },
            {
                "id": 3,
                "position": [
                    -0.06123826360254325,
                    -0.019282572758406946,
                    0.027688081052267055
                ],
                "geometry": "cube",
                "edges": [
                    4,
                    7,
                    8
                ],
                "neighbours": [
                    0,
                    1,
                    2
                ]
            }
        ],
        "edges": [
            {
                "id": 0,
                "config": [
                    0,
                    1,
                    0,
                    1
                ],
                "amplitude": 1.0,
                "phase": 0.0,
                "siblingConfig": [
                    1,
                    0,
                    [
                        "edge__1"
                    ]
                ]
            },
            {
                "id": 1,
                "config": [
                    0,
                    1,
                    1,
                    0
                ],
                "amplitude": 1.0,
                "phase": 0.0,
                "siblingConfig": [
                    1,
                    1,
                    [
                        "edge__0"
                    ]
                ]
            },
            {
                "id": 2,
                "config": [
                    0,
                    2,
                    0,
                    1
                ],
                "amplitude": 1.0,
                "phase": 0.0,
                "siblingConfig": [
                    1,
                    0,
                    [
                        "edge__3"
                    ]
                ]
            },
            {
                "id": 3,
                "config": [
                    0,
                    2,
                    1,
                    0
                ],
                "amplitude": 1.0,
                "phase": 0.0,
                "siblingConfig": [
                    1,
                    1,
                    [
                        "edge__2"
                    ]
                ]
            },
            {
                "id": 4,
                "config": [
                    0,
                    3,
                    2,
                    0
                ],
                "amplitude": 1.0,
                "phase": 0.0,
                "siblingConfig": [
                    0,
                    0,
                    []
                ]
            },
            {
                "id": 5,
                "config": [
                    1,
                    2,
                    0,
                    1
                ],
                "amplitude": 1.0,
                "phase": 0.0,
                "siblingConfig": [
                    1,
                    0,
                    [
                        "edge__6"
                    ]
                ]
            },
            {
                "id": 6,
                "config": [
                    1,
                    2,
                    1,
                    0
                ],
                "amplitude": 1.0,
                "phase": 0.0,
                "siblingConfig": [
                    1,
                    1,
                    [
                        "edge__5"
                    ]
                ]
            },
            {
                "id": 7,
                "config": [
                    1,
                    3,
                    2,
                    0
                ],
                "amplitude": 1.0,
                "phase": 0.0,
                "siblingConfig": [
                    0,
                    0,
                    []
                ]
            },
            {
                "id": 8,
                "config": [
                    2,
                    3,
                    2,
                    0
                ],
                "amplitude": 1.0,
                "phase": 0.0,
                "siblingConfig": [
                    0,
                    0,
                    []
                ]
            }
        ],
        "target_state": [
            "012",
            "021",
            "102",
            "120",
            "201",
            "210"
        ],
        "num_anc": 1
    }
}