{
    "graph": {
        "vertices": [
            {
                "id": 0,
                "position": [
                    -0.08205248751329132,
                    0.04626435841256127,
                    0.035367711802059776
                ],
                "geometry": "sphere",
                "edges": [
                    0,
                    15,
                    3,
                    16,
                    14,
                    13,
                    12
                ],
                "neighbours": [
                    1,
                    2,
                    2,
                    3,
                    3,
                    4,
                    4
                ]
            },
            {
                "id": 1,
                "position": [
                    0.00862560780160608,
                    0.06228268362046219,
                    -0.06736895708516427
                ],
                "geometry": "sphere",
                "edges": [
                    0,
                    11,
                    10,
                    1,
                    9,
                    8
                ],
                "neighbours": [
                    0,
                    2,
                    3,
                    3,
                    4,
                    4
                ]
            },
            {
                "id": 2,
                "position": [
                    0.09159258119745962,
                    0.043044808809254986,
                    0.05555618917892674
                ],
                "geometry": "sphere",
                "edges": [
                    15,
                    3,
                    11,
                    7,
                    6,
                    2
                ],
                "neighbours": [
                    0,
                    0,
                    1,
                    3,
                    4,
                    5
                ]
            },
            {
                "id": 3,
                "position": [
                    0.008825960883414571,
                    -0.018772581241625508,
                    -0.01603687850293628
                ],
                "geometry": "cube",
                "edges": [
                    16,
                    14,
                    10,
                    1,
                    7,
                    4
                ],
                "neighbours": [
                    0,
                    0,
                    1,
                    1,
                    2,
                    5
                ]
            },
            {
                "id": 4,
                "position": [
                    0.0076930733835438025,
                    0.11951431230387866,
                    0.002239891347979195
                ],
                "geometry": "cube",
                "edges": [
                    13,
                    12,
                    9,
                    8,
                    6,
                    5
                ],
                "neighbours": [
                    0,
                    0,
                    1,
                    1,
                    2,
                    5
                ]
            },
            {
                "id": 5,
                "position": [
                    0.0055057894989862105,
                    0.04637842312637419,
                    -0.007418596138189182
                ],
                "geometry": "cube",
                "edges": [
                    2,
                    4,
                    5
                ],
                "neighbours": [
                    2,
                    3,
                    4
                ]
            }
        ],
        "edges": [
            {
                "id": 0,
                "config": [
                    0,
                    1,
                    3,
                    3
                ],
                "amplitude": 1.0,
                "phase": 0.0,
                "siblingConfig": [
                    0,
                    0,
                    []
                ]
            },
            {
                "id": 1,
                "config": [
                    1,
                    3,
                    0,
                    0
                ],
                "amplitude": 1.0,
                "phase": 0.0,
                "siblingConfig": [
                    1,
                    0,
                    [
                        "edge__10"
                    ]
                ]
            },
            {
                "id": 2,
                "config": [
                    2,
                    5,
                    1,
                    0
                ],
                "amplitude": 1.0,
                "phase": 0.0,
                "siblingConfig": [
                    0,
                    0,
                    []
                ]
            },
            {
                "id": 3,
                "config": [
                    0,
                    2,
                    2,
                    1
                ],
                "amplitude": 1.0,
                "phase": 1.0,
                "siblingConfig": [
                    1,
                    0,
                    [
                        "edge__15"
                    ]
                ]
            },
            {
                "id": 4,
                "config": [
                    3,
                    5,
                    0,
                    0
                ],
                "amplitude": 1.0,
                "phase": 1.0,
                "siblingConfig": [
                    0,
                    0,
                    []
                ]
            },
            {
                "id": 5,
                "config": [
                    4,
                    5,
                    0,
                    0
                ],
                "amplitude": 1.0,
                "phase": 0.0,
                "siblingConfig": [
                    0,
                    0,
                    []
                ]
            },
            {
                "id": 6,
                "config": [
                    2,
                    4,
                    3,
                    0
                ],
                "amplitude": 1.0,
                "phase": 1.0,
                "siblingConfig": [
                    0,
                    0,
                    []
                ]
            },
            {
                "id": 7,
                "config": [
                    2,
                    3,
                    3,
                    0
                ],
                "amplitude": 1.0,
                "phase": 0.0,
                "siblingConfig": [
                    0,
                    0,
                    []
                ]
            },
            {
                "id": 8,
                "config": [
                    1,
                    4,
                    0,
                    0
                ],
                "amplitude": 1.0,
                "phase": 1.0,
                "siblingConfig": [
                    1,
                    0,
                    [
                        "edge__9"
                    ]
                ]
            },
            {
                "id": 9,
                "config": [
                    1,
                    4,
                    1,
                    0
                ],
                "amplitude": 1.0,
                "phase": 0.0,
                "siblingConfig": [
                    1,
                    1,
                    [
                        "edge__8"
                    ]
                ]
            },
            {
                "id": 10,
                "config": [
                    1,
                    3,
                    1,
                    0
                ],