{
    "graph": {
        "vertices": [
            {
                "id": 0,
                "position": [
                    0.0386234454360794,
                    0.01904840797390539,
                    -0.01020297781913243
                ],
                "geometry": "sphere",
                "edges": [
                    2,
                    1,
                    0,
                    18,
                    19,
                    17
                ],
                "neighbours": [
                    1,
                    2,
                    3,
                    4,
                    5,
                    7
                ]
            },
            {
                "id": 1,
                "position": [
                    0.003160739964122472,
                    0.05909182624122489,
                    -0.04638570589777907
                ],
                "geometry": "sphere",
                "edges": [
                    2,
                    16,
                    15,
                    14,
                    13
                ],
                "neighbours": [
                    0,
                    2,
                    4,
                    5,
                    6
                ]
            },
            {
                "id": 2,
                "position": [
                    -0.032008954389440514,
                    0.021234501448728627,
                    -0.011007175007231806
                ],
                "geometry": "sphere",
                "edges": [
                    1,
                    16,
                    12,
                    11,
                    10,
                    9
                ],
                "neighbours": [
                    0,
                    1,
                    3,
                    5,
                    6,
                    7
                ]
            },
            {
                "id": 3,
                "position": [
                    -0.0004528190012417152,
                    -0.004964087203991108,
                    -0.052611390583107154
                ],
                "geometry": "cube",
                "edges": [
                    0,
                    12,
                    8,
                    7,
                    6
                ],
                "neighbours": [
                    0,
                    2,
                    4,
                    5,
                    6
                ]
            },
            {
                "id": 4,
                "position": [
                    0.09598919604333148,
                    0.01690394064190548,
                    -0.005820830846703373
                ],
                "geometry": "cube",
                "edges": [
                    18,
                    15,
                    8,
                    5
                ],
                "neighbours": [
                    0,
                    1,
                    3,
                    7
                ]
            },
            {
                "id": 5,
                "position": [
                    0.0027029349845505563,
                    0.03498949728118772,
                    -0.025579520336929784
                ],
                "geometry": "cube",
                "edges": [
                    19,
                    14,
                    11,
                    7,
                    4
                ],
                "neighbours": [
                    0,
                    1,
                    2,
                    3,
                    7
                ]
            },
            {
                "id": 6,
                "position": [
                    -0.08304186256010021,
                    0.02404007965607513,
                    -0.008055359736948597
                ],
                "geometry": "cube",
                "edges": [
                    13,
                    10,
                    6,
                    3
                ],
                "neighbours": [
                    1,
                    2,
                    3,
                    7
                ]
            },
            {
                "id": 7,
                "position": [
                    0.0009632374233331242,
                    0.05280600278159853,
                    0.023106586039149946
                ],
                "geometry": "cube",
                "edges": [
                    17,
                    9,
                    5,
                    4,
                    3
                ],
                "neighbours": [
                    0,
                    2,
                    4,
                    5,
                    6
                ]
            }
        ],
        "edges": [
            {
                "id": 0,
                "config": [
                    0,
                    3,
                    2,
                    0
                ],
                "amplitude": 1.0,
                "phase": 0.0,
                "siblingConfig": [
                    0,
                    0,
                    []
                ]
            },
            {
                "id": 1,
                "config": [
                    0,
                    2,
                    1,
                    1
                ],
                "amplitude": 1.0,
                "phase": 0.0,
                "siblingConfig": [
                    0,
                    0,
                    []
                ]
            },
            {
                "id": 2,
                "config": [
                    0,
                    1,
                    3,
                    3
                ],
                "amplitude": 1.0,
                "phase": 1.0,
                "siblingConfig": [
                    0,
                    0,
                    []
                ]
            },
            {
                "id": 3,
                "config": [
                    6,
                    7,
                    0,
                    0
                ],
                "amplitude": 1.0,
                "phase": 1.0,
                "siblingConfig": [
                    0,
                    0,
                    []
                ]
            },
            {
                "id": 4,
                "config": [
                    5,
                    7,
                    0,
                    0
                ],
                "amplitude": 1.0,
                "phase": 0.0,
                "siblingConfig": [
                    0,
                    0,
                    []
                ]
            },
            {
                "id": 5,
                "config": [
                    4,
                    7,
                    0,
                    0
                ],
                "amplitude": 1.0,
                "phase": 1.0,
                "siblingConfig": [
                    0,
                    0,
                    []
                ]
            },
            {
                "id": 6,
                "config": [
                    3,
                    6,
                    0,
                    0
                ],
                "amplitude": 1.0,
                "phase": 0.0,
                "siblingConfig": [
                    0,
                    0,
                    []
                ]
            },
            {
                "id": 7,
                "config": [
                    3,
                    5,
                    0,
                    0
                ],
                "amplitude": 1.0,
                "phase": 0.0,
                "siblingConfig": [
                    0,
                    0,
                    []
                ]
            },
            {
                "id": 8,
                "config": [
                    3,
                    4,
                    0,
                    0
                ],