{
    "graph": {
        "vertices": [
            {
                "id": 0,
                "position": [
                    -0.02327424927698463,
                    -0.04593376551161788,
                    -0.010426031904092416
                ],
                "geometry": "sphere",
                "edges": [
                    1,
                    0,
                    2,
                    3,
                    7,
                    8,
                    12,
                    13,
                    17,
                    18,
                    22,
                    23
                ],
                "neighbours": [
                    1,
                    1,
                    2,
                    3,
                    4,
                    5,
                    6,
                    7,
                    8,
                    9,
                    10,
                    11
                ]
            },
            {
                "id": 1,
                "position": [
                    -0.050875673045932227,
                    0.01814954153466442,
                    0.04940855150160041
                ],
                "geometry": "sphere",
                "edges": [
                    1,
                    0,
                    4,
                    5,
                    9,
                    10,
                    14,
                    15,
                    19,
                    20,
                    24,
                    25
                ],
                "neighbours": [
                    0,
                    0,
                    2,
                    3,
                    4,
                    5,
                    6,
                    7,
                    8,
                    9,
                    10,
                    11
                ]
            },
            {
                "id": 2,
                "position": [
                    0.015992560296964057,
                    -0.07665939167977599,
                    0.09102690722595362
                ],
                "geometry": "sphere",
                "edges": [
                    2,
                    4,
                    6
                ],
                "neighbours": [
                    0,
                    1,
                    3
                ]
            },
            {
                "id": 3,
                "position": [
                    -0.02986674211880292,
                    -0.09230512718957963,
                    0.07876031615150152
                ],
                "geometry": "sphere",
                "edges": [
                    3,
                    5,
                    6
                ],
                "neighbours": [
                    0,
                    1,
                    2
                ]
            },
            {
                "id": 4,
                "position": [
                    0.05177277617450711,
                    -0.03533181868971858,
                    0.07612388377933683
                ],
                "geometry": "sphere",
                "edges": [
                    7,
                    9,
                    11
                ],
                "neighbours": [
                    0,
                    1,
                    5
                ]
            },
            {
                "id": 5,
                "position": [
                    0.0629502517694668,
                    0.0012640573784321598,
                    0.049848439589273444
                ],
                "geometry": "sphere",
                "edges": [
                    8,
                    10,
                    11
                ],
                "neighbours": [
                    0,
                    1,
                    4
                ]
            },
            {
                "id": 6,
                "position": [
                    -0.1131142165954612,
                    0.008930076232788632,
                    -0.010202653233220118
                ],
                "geometry": "sphere",
                "edges": [
                    12,
                    14,
                    16
                ],
                "neighbours": [
                    0,
                    1,
                    7
                ]
            },
            {
                "id": 7,
                "position": [
                    -0.08582071658987779,
                    0.04472223017580857,
                    -0.02540614759563021
                ],
                "geometry": "sphere",
                "edges": [
                    13,
                    15,
                    16
                ],
                "neighbours": [
                    0,
                    1,
                    6
                ]
            },
            {
                "id": 8,
                "position": [
                    -0.11242424830655731,
                    -0.05805809636934868,
                    0.031245881495891976
                ],
                "geometry": "sphere",
                "edges": [
                    17,
                    19,
                    21
                ],
                "neighbours": [
                    0,
                    1,
                    9
                ]
            },
            {
                "id": 9,
                "position": [
                    -0.07778736597322645,
                    -0.08393638427713547,
                    0.06371789024894049
                ],
                "geometry": "sphere",
                "edges": [
                    18,
                    20,
                    21
                ],
                "neighbours": [
                    0,
                    1,
                    8
                ]
            },
            {
                "id": 10,
                "position": [
                    0.005187557082244277,
                    0.0785689056944321,
                    -0.028411356520185956
                ],
                "geometry": "sphere",
                "edges": [
                    22,
                    24,
                    26
                ],
                "neighbours": [
                    0,
                    1,
                    11
                ]
            },
            {
                "id": 11,
                "position": [
                    0.047719701498846426,
                    0.06112256211264834,
                    0.002992636948899231
                ],
                "geometry": "sphere",
                "edges": [
                    23,
                    25,
                    26
                ],
                "neighbours": [
                    0,
                    1,
                    10
                ]
            }
        ],
        "edges": [
            {
                "id": 0,
                "config": [
                    0,
                    1,
                    0,
                    1
                ],
                "amplitude": 1.0,
                "phase": 0.0,
                "siblingConfig": [
                    1,
                    0,
                    [
                        "edge__1"
                    ]
                ]
            },
            {
                "id": 1,
                "config": [
                    0,
                    1,
                    1,
                    0
                ],
                "amplitude": 1.0,
                "phase": 0.0,
                "siblingConfig": [
                    1,
                    1,
                    [
                        "edge__0"
                    ]
                ]
            },
            {
                "id": 2,
                "config": [
                    0,
                    2,
                    0,
                    1
                ],
                "amplitude": 1.0,