{
    "graph": {
        "vertices": [
            {
                "id": 0,
                "position": [
                    -0.004351939544998992,
                    0.0009684427507678302,
                    -0.08525591539237179
                ],
                "geometry": "sphere",
                "edges": [
                    14,
                    13,
                    2,
                    1,
                    0,
                    3,
                    4
                ],
                "neighbours": [
                    1,
                    1,
                    2,
                    2,
                    2,
                    3,
                    5
                ]
            },
            {
                "id": 1,
                "position": [
                    0.0003672442189723262,
                    0.08662821713895187,
                    0.013358074068487491
                ],
                "geometry": "sphere",
                "edges": [
                    14,
                    13,
                    7,
                    6,
                    5,
                    8,
                    9
                ],
                "neighbours": [
                    0,
                    0,
                    2,
                    2,
                    2,
                    4,
                    5
                ]
            },
            {
                "id": 2,
                "position": [
                    -0.0914682155222691,
                    -0.0038932279610467985,
                    -0.008012533600503911
                ],
                "geometry": "sphere",
                "edges": [
                    2,
                    1,
                    0,
                    7,
                    6,
                    5,
                    10,
                    11
                ],
                "neighbours": [
                    0,
                    0,
                    0,
                    1,
                    1,
                    1,
                    3,
                    5
                ]
            },
            {
                "id": 3,
                "position": [
                    0.013109037865132976,
                    -0.08273439393877627,
                    0.017068843316572047
                ],
                "geometry": "cube",
                "edges": [
                    3,
                    10,
                    12
                ],
                "neighbours": [
                    0,
                    2,
                    4
                ]
            },
            {
                "id": 4,
                "position": [
                    0.07690922648719062,
                    0.009375101889457381,
                    0.09482101752525564
                ],
                "geometry": "cube",
                "edges": [
                    8,
                    12
                ],
                "neighbours": [
                    1,
                    3
                ]
            },
            {
                "id": 5,
                "position": [
                    -0.08091874723188001,
                    0.09898160104099384,
                    -0.07754000181494432
                ],
                "geometry": "cube",
                "edges": [
                    4,
                    9,
                    11
                ],
                "neighbours": [
                    0,
                    1,
                    2
                ]
            }
        ],
        "edges": [
            {
                "id": 0,
                "config": [
                    0,
                    2,
                    0,
                    1
                ],
                "amplitude": 1.0,
                "phase": 1.0,
                "siblingConfig": [
                    2,
                    0,
                    [
                        "edge__1",
                        "edge__2"
                    ]
                ]
            },
            {
                "id": 1,
                "config": [
                    0,
                    2,
                    1,
                    0
                ],
                "amplitude": 1.0,
                "phase": 1.0,
                "siblingConfig": [
                    2,
                    1,
                    [
                        "edge__0",
                        "edge__2"
                    ]
                ]
            },
            {
                "id": 2,
                "config": [
                    0,
                    2,
                    2,
                    2
                ],
                "amplitude": 1.0,
                "phase": 1.0,
                "siblingConfig": [
                    2,
                    2,
                    [
                        "edge__0",
                        "edge__1"
                    ]
                ]
            },
            {
                "id": 3,
                "config": [
                    0,
                    3,
                    2,
                    0
                ],
                "amplitude": 1.0,
                "phase": 1.0,
                "siblingConfig": [
                    0,
                    0,
                    []
                ]
            },
            {
                "id": 4,
                "config": [
                    0,
                    5,
                    2,
                    0
                ],
                "amplitude": 1.0,
                "phase": 0.0,
                "siblingConfig": [
                    0,
                    0,
                    []
                ]
            },
            {
                "id": 5,
                "config": [
                    1,
                    2,
                    0,
                    1
                ],
                "amplitude": 1.0,
                "phase": 1.0,
                "siblingConfig": [
                    2,
                    0,
                    [
                        "edge__6",
                        "edge__7"
                    ]
                ]
            },
            {
                "id": 6,
                "config": [
                    1,
                    2,
                    1,
                    0
                ],
                "amplitude": 1.0,
                "phase": 1.0,
                "siblingConfig": [
                    2,
                    1,
                    [
                        "edge__5",
                        "edge__7"
                    ]
                ]
            },
            {
                "id": 7,
                "config": [
                    1,
                    2,
                    2,
                    2
                ],
                "amplitude": 1.0,
                "phase": 1.0,
                "siblingConfig": [
                    2,
                    2,
                    [
                        "edge__5",
                        "edge__6"
                    ]
                ]
            },
            {
                "id": 8,
                "config": [
                    1,
                    4,
                    2,
                    0
                ],
                "amplitude": 1.0,
                "phase": 1.0,
                "siblingConfig": [
                    0,
                    0,
                    []
                ]
            },
            {
                "id": 9,
                "config": [
                    1,
                    5,
                    2,
                    0
                ],
                "amplitude": 1.0,
                "phase": 0.0,
                "siblingConfig": [
                    0,
                    0,
                    []
                ]
            },
            {
                "id": 10,