{
    "graph": {
        "vertices": [
            {
                "id": 0,
                "position": [
                    0.09746407189658345,
                    -0.03520291542919751,
                    -0.008406656632937104
                ],
                "geometry": "sphere",
                "edges": [
                    3,
                    2,
                    1,
                    0,
                    6,
                    5,
                    4,
                    7,
                    8,
                    9,
                    24
                ],
                "neighbours": [
                    1,
                    1,
                    1,
                    1,
                    2,
                    2,
                    2,
                    3,
                    4,
                    5,
                    6
                ]
            },
            {
                "id": 1,
                "position": [
                    -0.09514071227502449,
                    -0.04068845360958173,
                    0.0008959409600973189
                ],
                "geometry": "sphere",
                "edges": [
                    3,
                    2,
                    1,
                    0,
                    12,
                    11,
                    10,
                    13,
                    14,
                    15,
                    25
                ],
                "neighbours": [
                    0,
                    0,
                    0,
                    0,
                    2,
                    2,
                    2,
                    3,
                    4,
                    6,
                    7
                ]
            },
            {
                "id": 2,
                "position": [
                    -0.0036345117949008188,
                    0.12652732458742677,
                    -0.023326898914998395
                ],
                "geometry": "sphere",
                "edges": [
                    6,
                    5,
                    4,
                    12,
                    11,
                    10,
                    23,
                    16,
                    17,
                    26
                ],
                "neighbours": [
                    0,
                    0,
                    0,
                    1,
                    1,
                    1,
                    3,
                    4,
                    6,
                    7
                ]
            },
            {
                "id": 3,
                "position": [
                    -0.007815670806002123,
                    0.03229969654320408,
                    -0.06365908797367242
                ],
                "geometry": "cube",
                "edges": [
                    7,
                    13,
                    23,
                    18
                ],
                "neighbours": [
                    0,
                    1,
                    2,
                    7
                ]
            },
            {
                "id": 4,
                "position": [
                    0.0017435567650427863,
                    0.028291177827705072,
                    0.04432029356366057
                ],
                "geometry": "cube",
                "edges": [
                    8,
                    14,
                    16,
                    19,
                    20
                ],
                "neighbours": [
                    0,
                    1,
                    2,
                    6,
                    7
                ]
            },
            {
                "id": 5,
                "position": [
                    -0.0017568379304119253,
                    0.045381706073839956,
                    -0.010019565194490654
                ],
                "geometry": "cube",
                "edges": [
                    9,
                    21,
                    22
                ],
                "neighbours": [
                    0,
                    6,
                    7
                ]
            },
            {
                "id": 6,
                "position": [
                    -0.03486512628021149,
                    0.003789348661310976,
                    -0.006033985956535981
                ],
                "geometry": "cube",
                "edges": [
                    24,
                    15,
                    17,
                    19,
                    21
                ],
                "neighbours": [
                    0,
                    1,
                    2,
                    4,
                    5
                ]
            },
            {
                "id": 7,
                "position": [
                    0.030494266204605977,
                    0.0020445910515283217,
                    -0.014142972064138226
                ],
                "geometry": "cube",
                "edges": [
                    25,
                    26,
                    18,
                    20,
                    22
                ],
                "neighbours": [
                    1,
                    2,
                    3,
                    4,
                    5
                ]
            }
        ],
        "edges": [
            {
                "id": 0,
                "config": [
                    0,
                    1,
                    1,
                    3
                ],
                "amplitude": 1.0,
                "phase": 0.0,
                "siblingConfig": [
                    3,
                    0,
                    [
                        "edge__1",
                        "edge__2",
                        "edge__3"
                    ]
                ]
            },
            {
                "id": 1,
                "config": [
                    0,
                    1,
                    2,
                    2
                ],
                "amplitude": 1.0,
                "phase": 0.0,
                "siblingConfig": [
                    3,
                    1,
                    [
                        "edge__0",
                        "edge__2",
                        "edge__3"
                    ]
                ]
            },
            {
                "id": 2,
                "config": [
                    0,
                    1,
                    3,
                    1
                ],
                "amplitude": 1.0,
                "phase": 0.0,
                "siblingConfig": [
                    3,
                    2,
                    [
                        "edge__0",
                        "edge__1",
                        "edge__3"
                    ]
                ]
            },
            {
                "id": 3,
                "config": [
                    0,
                    1,
                    4,
                    2
                ],
                "amplitude": 1.0,
                "phase": 0.0,
                "siblingConfig": [
                    3,
                    3,
                    [
                        "edge__0",
                        "edge__1",
                        "edge__2"
                    ]
                ]
            },
            {
                "id": 4,
                "config": [
                    0,
                    2,
                    1,
                    3
                ],
                "amplitude": 1.0,
                "phase": 0.0,
                "siblingConfig": [
                    2,
                    0,
                    [
                        "edge__5",
                        "edge__6"
                    ]
                ]
            },
            {
                "id": 5,