{
    "graph": {
        "vertices": [
            {
                "id": 0,
                "position": [
                    -0.07062850822183905,
                    -0.05900043917629827,
                    0.033544970580918876
                ],
                "geometry": "sphere",
                "edges": [
                    1,
                    0,
                    3,
                    2,
                    5,
                    4,
                    6
                ],
                "neighbours": [
                    1,
                    1,
                    3,
                    3,
                    4,
                    4,
                    7
                ]
            },
            {
                "id": 1,
                "position": [
                    -0.20397414386943777,
                    0.04473074645232433,
                    0.09571863152325688
                ],
                "geometry": "sphere",
                "edges": [
                    1,
                    0,
                    8,
                    7,
                    10,
                    9,
                    12,
                    11,
                    13
                ],
                "neighbours": [
                    0,
                    0,
                    2,
                    2,
                    5,
                    5,
                    6,
                    6,
                    7
                ]
            },
            {
                "id": 2,
                "position": [
                    -0.19377877544453023,
                    0.05530213791223626,
                    -0.05426810850584407
                ],
                "geometry": "sphere",
                "edges": [
                    8,
                    7,
                    15,
                    14,
                    17,
                    16,
                    18
                ],
                "neighbours": [
                    1,
                    1,
                    3,
                    3,
                    6,
                    6,
                    7
                ]
            },
            {
                "id": 3,
                "position": [
                    -0.08530223062240047,
                    0.003934218719481741,
                    -0.14172595960932466
                ],
                "geometry": "sphere",
                "edges": [
                    3,
                    2,
                    15,
                    14,
                    20,
                    19
                ],
                "neighbours": [
                    0,
                    0,
                    2,
                    2,
                    5,
                    5
                ]
            },
            {
                "id": 4,
                "position": [
                    0.039425112606803064,
                    -0.03160768105537792,
                    0.11099150399267455
                ],
                "geometry": "sphere",
                "edges": [
                    5,
                    4,
                    22,
                    21,
                    23
                ],
                "neighbours": [
                    0,
                    0,
                    6,
                    6,
                    7
                ]
            },
            {
                "id": 5,
                "position": [
                    -0.028616437604494116,
                    0.2194557031037323,
                    0.03411269753174462
                ],
                "geometry": "sphere",
                "edges": [
                    10,
                    9,
                    20,
                    19,
                    25,
                    24,
                    26
                ],
                "neighbours": [
                    1,
                    1,
                    3,
                    3,
                    6,
                    6,
                    7
                ]
            },
            {
                "id": 6,
                "position": [
                    -0.08865627020825076,
                    0.0773774337062949,
                    0.05237337237256878
                ],
                "geometry": "cube",
                "edges": [
                    12,
                    11,
                    17,
                    16,
                    22,
                    21,
                    25,
                    24
                ],
                "neighbours": [
                    1,
                    1,
                    2,
                    2,
                    4,
                    4,
                    5,
                    5
                ]
            },
            {
                "id": 7,
                "position": [
                    -0.06326850038348411,
                    0.05086854012057629,
                    -0.015171263269821877
                ],
                "geometry": "cube",
                "edges": [
                    6,
                    13,
                    18,
                    23,
                    26
                ],
                "neighbours": [
                    0,
                    1,
                    2,
                    4,
                    5
                ]
            }
        ],
        "edges": [
            {
                "id": 0,
                "config": [
                    0,
                    1,
                    0,
                    1
                ],
                "amplitude": 1.0,
                "phase": 0.0,
                "siblingConfig": [
                    1,
                    0,
                    [
                        "edge__1"
                    ]
                ]
            },
            {
                "id": 1,
                "config": [
                    0,
                    1,
                    1,
                    0
                ],
                "amplitude": 1.0,
                "phase": 1.0,
                "siblingConfig": [
                    1,
                    1,
                    [
                        "edge__0"
                    ]
                ]
            },
            {
                "id": 2,
                "config": [
                    0,
                    3,
                    0,
                    1
                ],
                "amplitude": 1.0,
                "phase": 0.0,
                "siblingConfig": [
                    1,
                    0,
                    [
                        "edge__3"
                    ]
                ]
            },
            {
                "id": 3,
                "config": [
                    0,
                    3,
                    1,
                    0
                ],
                "amplitude": 1.0,
                "phase": 1.0,
                "siblingConfig": [
                    1,
                    1,
                    [
                        "edge__2"
                    ]
                ]
            },
            {
                "id": 4,
                "config": [
                    0,
                    4,
                    0,
                    1
                ],
                "amplitude": 1.0,
                "phase": 1.0,
                "siblingConfig": [
                    1,
                    0,
                    [
                        "edge__5"
                    ]
                ]
            },
            {
                "id": 5,
                "config": [
                    0,
                    4,
                    1,
                    1
                ],
                "amplitude": 1.0,
                "phase": 0.0,