{
    "graph": {
        "vertices": [
            {
                "id": 0,
                "position": [
                    0.0658783857993601,
                    0.0701144949183968,
                    0.037830188125648534
                ],
                "geometry": "sphere",
                "edges": [
                    1,
                    0,
                    3,
                    2
                ],
                "neighbours": [
                    1,
                    1,
                    3,
                    3
                ]
            },
            {
                "id": 1,
                "position": [
                    -0.02266572405123323,
                    0.06394334316020772,
                    -0.0241967487351804
                ],
                "geometry": "sphere",
                "edges": [
                    1,
                    0,
                    5,
                    4
                ],
                "neighbours": [
                    0,
                    0,
                    2,
                    2
                ]
            },
            {
                "id": 2,
                "position": [
                    -0.05372101503569663,
                    -0.02511628598878303,
                    0.028995682656029493
                ],
                "geometry": "cube",
                "edges": [
                    5,
                    4,
                    7,
                    6
                ],
                "neighbours": [
                    1,
                    1,
                    3,
                    3
                ]
            },
            {
                "id": 3,
                "position": [
                    0.03482309481489828,
                    -0.01894513423059292,
                    0.0910226195168588
                ],
                "geometry": "cube",
                "edges": [
                    3,
                    2,
                    7,
                    6
                ],
                "neighbours": [
                    0,
                    0,
                    2,
                    2
                ]
            }
        ],
        "edges": [
            {
                "id": 0,
                "config": [
                    0,
                    1,
                    0,
                    1
                ],
                "amplitude": 1.0,
                "phase": 0.0,
                "siblingConfig": [
                    1,
                    0,
                    [
                        "edge__1"
                    ]
                ]
            },
            {
                "id": 1,
                "config": [
                    0,
                    1,
                    1,
                    0
                ],
                "amplitude": 1.0,
                "phase": 1.0,
                "siblingConfig": [
                    1,
                    1,
                    [
                        "edge__0"
                    ]
                ]
            },
            {
                "id": 2,
                "config": [
                    0,
                    3,
                    0,
                    1
                ],
                "amplitude": 1.0,
                "phase": 0.0,
                "siblingConfig": [
                    1,
                    0,
                    [
                        "edge__3"
                    ]
                ]
            },
            {
                "id": 3,
                "config": [
                    0,
                    3,
                    1,
                    0
                ],
                "amplitude": 1.0,
                "phase": 1.0,
                "siblingConfig": [
                    1,
                    1,
                    [
                        "edge__2"
                    ]
                ]
            },
            {
                "id": 4,
                "config": [
                    1,
                    2,
                    0,
                    1
                ],
                "amplitude": 1.0,
                "phase": 1.0,
                "siblingConfig": [
                    1,
                    0,
                    [
                        "edge__5"
                    ]
                ]
            },
            {
                "id": 5,
                "config": [
                    1,
                    2,
                    1,
                    0
                ],
                "amplitude": 1.0,
                "phase": 0.0,
                "siblingConfig": [
                    1,
                    1,
                    [
                        "edge__4"
                    ]
                ]
            },
            {
                "id": 6,
                "config": [
                    2,
                    3,
                    0,
                    1
                ],
                "amplitude": 1.0,
                "phase": 0.0,
                "siblingConfig": [
                    1,
                    0,
                    [
                        "edge__7"
                    ]
                ]
            },
            {
                "id": 7,
                "config": [
                    2,
                    3,
                    1,
                    0
                ],
                "amplitude": 1.0,
                "phase": 1.0,
                "siblingConfig": [
                    1,
                    1,
                    [
                        "edge__6"
                    ]
                ]
            }
        ],
        "amplitudes": [
            -0.5,
            1.0,
            -0.5,
            -0.5,
            1.0,
            -0.5
        ],
        "target_state": [
            "0011",
            "0101",
            "0110",
            "1001",
            "1010",
            "1100"
        ],
        "num_anc": 2
    }
}