{
    "graph": {
        "vertices": [
            {
                "id": 0,
                "position": [
                    0.01334301234399312,
                    0.0283403788391706,
                    -0.04912538365845609
                ],
                "geometry": "sphere",
                "edges": [
                    3,
                    5,
                    0,
                    6
                ],
                "neighbours": [
                    1,
                    2,
                    2,
                    3
                ]
            },
            {
                "id": 1,
                "position": [
                    -0.13396423439579233,
                    0.051124030335295334,
                    0.08422183334455119
                ],
                "geometry": "sphere",
                "edges": [
                    3,
                    1,
                    4
                ],
                "neighbours": [
                    0,
                    2,
                    3
                ]
            },
            {
                "id": 2,
                "position": [
                    -0.04997308026631484,
                    -0.12843695454792234,
                    0.05770129911600444
                ],
                "geometry": "sphere",
                "edges": [
                    5,
                    0,
                    1,
                    2
                ],
                "neighbours": [
                    0,
                    0,
                    1,
                    3
                ]
            },
            {
                "id": 3,
                "position": [
                    0.05315974195639949,
                    0.018056857352245437,
                    0.1466011531953913
                ],
                "geometry": "cube",
                "edges": [
                    6,
                    4,
                    2
                ],
                "neighbours": [
                    0,
                    1,
                    2
                ]
            }
        ],
        "edges": [
            {
                "id": 0,
                "config": [
                    0,
                    2,
                    0,
                    0
                ],
                "amplitude": 1.0,
                "phase": 0.0,
                "siblingConfig": [
                    1,
                    0,
                    [
                        "edge__5"
                    ]
                ]
            },
            {
                "id": 1,
                "config": [
                    1,
                    2,
                    2,
                    0
                ],
                "amplitude": 1.0,
                "phase": 0.0,
                "siblingConfig": [
                    0,
                    0,
                    []
                ]
            },
            {
                "id": 2,
                "config": [
                    2,
                    3,
                    2,
                    0
                ],
                "amplitude": 1.0,
                "phase": 0.0,
                "siblingConfig": [
                    0,
                    0,
                    []
                ]
            },
            {
                "id": 3,
                "config": [
                    0,
                    1,
                    0,
                    1
                ],
                "amplitude": 1.0,
                "phase": 0.0,
                "siblingConfig": [
                    0,
                    0,
                    []
                ]
            },
            {
                "id": 4,
                "config": [
                    1,
                    3,
                    0,
                    0
                ],
                "amplitude": 1.0,
                "phase": 0.0,
                "siblingConfig": [
                    0,
                    0,
                    []
                ]
            },
            {
                "id": 5,
                "config": [
                    0,
                    2,
                    1,
                    2
                ],
                "amplitude": 1.0,
                "phase": 0.0,
                "siblingConfig": [
                    1,
                    1,
                    [
                        "edge__0"
                    ]
                ]
            },
            {
                "id": 6,
                "config": [
                    0,
                    3,
                    1,
                    0
                ],
                "amplitude": 1.0,
                "phase": 0.0,
                "siblingConfig": [
                    0,
                    0,
                    []
                ]
            }
        ],
        "target_state": [
            "000",
            "120",
            "102",
            "012"
        ],
        "num_anc": 1
    }
}