{
    "graph": {
        "vertices": [
            {
                "id": 0,
                "position": [
                    0.01334301234399312,
                    0.0283403788391706,
                    -0.04912538365845609
                ],
                "geometry": "sphere",
                "edges": [
                    7,
                    5,
                    1,
                    0,
                    9,
                    2
                ],
                "neighbours": [
                    1,
                    2,
                    2,
                    2,
                    3,
                    3
                ]
            },
            {
                "id": 1,
                "position": [
                    -0.13396423439579233,
                    0.051124030335295334,
                    0.08422183334455119
                ],
                "geometry": "sphere",
                "edges": [
                    7,
                    6,
                    3
                ],
                "neighbours": [
                    0,
                    2,
                    3
                ]
            },
            {
                "id": 2,
                "position": [
                    -0.04997308026631484,
                    -0.12843695454792234,
                    0.05770129911600444
                ],
                "geometry": "sphere",
                "edges": [
                    5,
                    1,
                    0,
                    6,
                    8,
                    4
                ],
                "neighbours": [
                    0,
                    0,
                    0,
                    1,
                    3,
                    3
                ]
            },
            {
                "id": 3,
                "position": [
                    0.05315974195639949,
                    0.018056857352245437,
                    0.1466011531953913
                ],
                "geometry": "sphere",
                "edges": [
                    9,
                    2,
                    3,
                    8,
                    4
                ],
                "neighbours": [
                    0,
                    0,
                    1,
                    2,
                    2
                ]
            }
        ],
        "edges": [
            {
                "id": 0,
                "config": [
                    0,
                    2,
                    0,
                    1
                ],
                "amplitude": 1.0,
                "phase": 0.0,
                "siblingConfig": [
                    2,
                    0,
                    [
                        "edge__1",
                        "edge__5"
                    ]
                ]
            },
            {
                "id": 1,
                "config": [
                    0,
                    2,
                    1,
                    1
                ],
                "amplitude": 1.0,
                "phase": 0.0,
                "siblingConfig": [
                    2,
                    1,
                    [
                        "edge__0",
                        "edge__5"
                    ]
                ]
            },
            {
                "id": 2,
                "config": [
                    0,
                    3,
                    0,
                    1
                ],
                "amplitude": 1.0,
                "phase": 0.0,
                "siblingConfig": [
                    1,
                    0,
                    [
                        "edge__9"
                    ]
                ]
            },
            {
                "id": 3,
                "config": [
                    1,
                    3,
                    0,
                    0
                ],
                "amplitude": 1.0,
                "phase": 0.0,
                "siblingConfig": [
                    0,
                    0,
                    []
                ]
            },
            {
                "id": 4,
                "config": [
                    2,
                    3,
                    0,
                    1
                ],
                "amplitude": 1.0,
                "phase": 0.0,
                "siblingConfig": [
                    1,
                    0,
                    [
                        "edge__8"
                    ]
                ]
            },
            {
                "id": 5,
                "config": [
                    0,
                    2,
                    1,
                    0
                ],
                "amplitude": 1.0,
                "phase": 0.0,
                "siblingConfig": [
                    2,
                    2,
                    [
                        "edge__0",
                        "edge__1"
                    ]
                ]
            },
            {
                "id": 6,
                "config": [
                    1,
                    2,
                    0,
                    0
                ],
                "amplitude": 1.0,
                "phase": 0.0,
                "siblingConfig": [
                    0,
                    0,
                    []
                ]
            },
            {
                "id": 7,
                "config": [
                    0,
                    1,
                    0,
                    1
                ],
                "amplitude": 1.0,
                "phase": 0.0,
                "siblingConfig": [
                    0,
                    0,
                    []
                ]
            },
            {
                "id": 8,
                "config": [
                    2,
                    3,
                    0,
                    0
                ],
                "amplitude": 1.0,
                "phase": 0.0,
                "siblingConfig": [
                    1,
                    1,
                    [
                        "edge__4"
                    ]
                ]
            },
            {
                "id": 9,
                "config": [
                    0,
                    3,
                    0,
                    0
                ],
                "amplitude": 1.0,
                "phase": 0.0,
                "siblingConfig": [
                    1,
                    1,
                    [
                        "edge__2"
                    ]
                ]
            }
        ],
        "amplitudes": [
            1.0,
            1.0,
            1.0,
            1.0,
            1.0,
            1.0,
            1.0
        ],
        "target_state": [
            "0000",
            "0001",
            "0010",
            "0100",
            "0101",
            "1000",
            "1010"
        ],
        "num_anc": 0
    }
}