{
    "graph": {
        "vertices": [
            {
                "id": 0,
                "position": [
                    0.01334301234399312,
                    0.0283403788391706,
                    -0.04912538365845609
                ],
                "geometry": "sphere",
                "edges": [
                    7,
                    6,
                    0,
                    10,
                    8,
                    1,
                    12,
                    2
                ],
                "neighbours": [
                    1,
                    1,
                    1,
                    2,
                    2,
                    2,
                    3,
                    3
                ]
            },
            {
                "id": 1,
                "position": [
                    -0.13396423439579233,
                    0.051124030335295334,
                    0.08422183334455119
                ],
                "geometry": "sphere",
                "edges": [
                    7,
                    6,
                    0,
                    9,
                    5,
                    3,
                    13,
                    11
                ],
                "neighbours": [
                    0,
                    0,
                    0,
                    2,
                    2,
                    2,
                    3,
                    3
                ]
            },
            {
                "id": 2,
                "position": [
                    -0.04997308026631484,
                    -0.12843695454792234,
                    0.05770129911600444
                ],
                "geometry": "sphere",
                "edges": [
                    10,
                    8,
                    1,
                    9,
                    5,
                    3,
                    14,
                    4
                ],
                "neighbours": [
                    0,
                    0,
                    0,
                    1,
                    1,
                    1,
                    3,
                    3
                ]
            },
            {
                "id": 3,
                "position": [
                    0.05315974195639949,
                    0.018056857352245437,
                    0.1466011531953913
                ],
                "geometry": "sphere",
                "edges": [
                    12,
                    2,
                    13,
                    11,
                    14,
                    4
                ],
                "neighbours": [
                    0,
                    0,
                    1,
                    1,
                    2,
                    2
                ]
            }
        ],
        "edges": [
            {
                "id": 0,
                "config": [
                    0,
                    1,
                    1,
                    1
                ],
                "amplitude": 0.9992995424818247,
                "phase": 0.0,
                "siblingConfig": [
                    2,
                    0,
                    [
                        "edge__6",
                        "edge__7"
                    ]
                ]
            },
            {
                "id": 1,
                "config": [
                    0,
                    2,
                    1,
                    0
                ],
                "amplitude": 1.0,
                "phase": 0.0,
                "siblingConfig": [
                    2,
                    0,
                    [
                        "edge__8",
                        "edge__10"
                    ]
                ]
            },
            {
                "id": 2,
                "config": [
                    0,
                    3,
                    0,
                    0
                ],
                "amplitude": 0.9992290997806463,
                "phase": 1.0,
                "siblingConfig": [
                    1,
                    0,
                    [
                        "edge__12"
                    ]
                ]
            },
            {
                "id": 3,
                "config": [
                    1,
                    2,
                    0,
                    0
                ],
                "amplitude": 0.9987055897281827,
                "phase": 0.0,
                "siblingConfig": [
                    2,
                    0,
                    [
                        "edge__5",
                        "edge__9"
                    ]
                ]
            },
            {
                "id": 4,
                "config": [
                    2,
                    3,
                    1,
                    1
                ],
                "amplitude": 0.9981046101869264,
                "phase": 0.0,
                "siblingConfig": [
                    1,
                    0,
                    [
                        "edge__14"
                    ]
                ]
            },
            {
                "id": 5,
                "config": [
                    1,
                    2,
                    0,
                    1
                ],
                "amplitude": 0.7042990808484234,
                "phase": 0.0,
                "siblingConfig": [
                    2,
                    1,
                    [
                        "edge__3",
                        "edge__9"
                    ]
                ]
            },
            {
                "id": 6,
                "config": [
                    0,
                    1,
                    0,
                    1
                ],
                "amplitude": 0.7056014541695598,
                "phase": 0.0,
                "siblingConfig": [
                    2,
                    1,
                    [
                        "edge__0",
                        "edge__7"
                    ]
                ]
            },
            {
                "id": 7,
                "config": [
                    0,
                    1,
                    1,
                    0
                ],
                "amplitude": 0.7911365668649626,
                "phase": 0.0,
                "siblingConfig": [
                    2,
                    2,
                    [
                        "edge__0",
                        "edge__6"
                    ]
                ]
            },
            {
                "id": 8,
                "config": [
                    0,
                    2,
                    1,
                    1
                ],
                "amplitude": 0.7991809502929133,
                "phase": 0.0,
                "siblingConfig": [
                    2,
                    1,
                    [
                        "edge__1",
                        "edge__10"
                    ]
                ]
            },
            {
                "id": 9,
                "config": [
                    1,
                    2,
                    1,
                    0
                ],
                "amplitude": 0.8226766092580596,
                "phase": 0.0,
                "siblingConfig": [
                    2,
                    2,
                    [
                        "edge__3",
                        "edge__5"
                    ]
                ]
            },
            {
                "id": 10,
                "config": [
                    0,
                    2,
                    0,
                    0
                ],
                "amplitude": 0.8326885930821386,
                "phase": 0.0,