{
    "graph": {
        "vertices": [
            {
                "id": 0,
                "position": [
                    0.01334301234399312,
                    0.0283403788391706,
                    -0.04912538365845609
                ],
                "geometry": "sphere",
                "edges": [
                    3,
                    0
                ],
                "neighbours": [
                    3,
                    3
                ]
            },
            {
                "id": 1,
                "position": [
                    -0.13396423439579233,
                    0.051124030335295334,
                    0.08422183334455119
                ],
                "geometry": "sphere",
                "edges": [
                    5,
                    4,
                    2,
                    1
                ],
                "neighbours": [
                    2,
                    2,
                    2,
                    2
                ]
            },
            {
                "id": 2,
                "position": [
                    -0.04997308026631484,
                    -0.12843695454792234,
                    0.05770129911600444
                ],
                "geometry": "sphere",
                "edges": [
                    5,
                    4,
                    2,
                    1
                ],
                "neighbours": [
                    1,
                    1,
                    1,
                    1
                ]
            },
            {
                "id": 3,
                "position": [
                    0.05315974195639949,
                    0.018056857352245437,
                    0.1466011531953913
                ],
                "geometry": "cube",
                "edges": [
                    3,
                    0
                ],
                "neighbours": [
                    0,
                    0
                ]
            }
        ],
        "edges": [
            {
                "id": 0,
                "config": [
                    0,
                    3,
                    1,
                    0
                ],
                "amplitude": 1.3480451897901147,
                "phase": 0.2339652941321348,
                "siblingConfig": [
                    1,
                    0,
                    [
                        "edge__3"
                    ]
                ]
            },
            {
                "id": 1,
                "config": [
                    1,
                    2,
                    0,
                    1
                ],
                "amplitude": 1.3479434719284962,
                "phase": 0.23393872210552774,
                "siblingConfig": [
                    3,
                    0,
                    [
                        "edge__2",
                        "edge__4",
                        "edge__5"
                    ]
                ]
            },
            {
                "id": 2,
                "config": [
                    1,
                    2,
                    1,
                    1
                ],
                "amplitude": 1.3481818358733921,
                "phase": 0.23400098037872424,
                "siblingConfig": [
                    3,
                    1,
                    [
                        "edge__1",
                        "edge__4",
                        "edge__5"
                    ]
                ]
            },
            {
                "id": 3,
                "config": [
                    0,
                    3,
                    0,
                    0
                ],
                "amplitude": 1.3478230707928638,
                "phase": 0.23390726104150023,
                "siblingConfig": [
                    1,
                    1,
                    [
                        "edge__0"
                    ]
                ]
            },
            {
                "id": 4,
                "config": [
                    1,
                    2,
                    0,
                    0
                ],
                "amplitude": 1.3476889406729051,
                "phase": 0.23387220189264235,
                "siblingConfig": [
                    3,
                    2,
                    [
                        "edge__1",
                        "edge__2",
                        "edge__5"
                    ]
                ]
            },
            {
                "id": 5,
                "config": [
                    1,
                    2,
                    1,
                    0
                ],
                "amplitude": 1.3479766335905978,
                "phase": 0.2339473857246159,
                "siblingConfig": [
                    3,
                    3,
                    [
                        "edge__1",
                        "edge__2",
                        "edge__4"
                    ]
                ]
            }
        ],
        "amplitudes": [
            [
                0.7070452602203058,
                0.011314934356125463
            ],
            [
                0.693046174507875,
                0.011543498783846336
            ],
            [
                0.693046174507875,
                0.011543498783846336
            ],
            [
                0.653049002755536,
                0.012250535672788955
            ],
            [
                0.693046174507875,
                0.011543498783846336
            ],
            [
                0.653049002755536,
                0.012250535672788955
            ],
            [
                0.653049002755536,
                0.012250535672788955
            ],
            [
                0.5880416651904863,
                0.01190419955830983
            ]
        ],
        "target_state": [
            "000",
            "001",
            "010",
            "011",
            "100",
            "101",
            "110",
            "111"
        ],
        "num_anc": 1
    }
}