{
    "graph": {
        "vertices": [
            {
                "id": 0,
                "position": [
                    0.00962310681840009,
                    -0.03851343097653946,
                    -0.06485140650607961
                ],
                "geometry": "sphere",
                "edges": [
                    16,
                    15,
                    0,
                    10,
                    12,
                    11
                ],
                "neighbours": [
                    1,
                    1,
                    2,
                    3,
                    5,
                    5
                ]
            },
            {
                "id": 1,
                "position": [
                    0.06645301882404211,
                    0.08235619574673313,
                    -0.060760171647426
                ],
                "geometry": "sphere",
                "edges": [
                    16,
                    15,
                    14,
                    13,
                    1
                ],
                "neighbours": [
                    0,
                    0,
                    2,
                    2,
                    4
                ]
            },
            {
                "id": 2,
                "position": [
                    -0.05272150286964931,
                    0.032949638601343735,
                    -0.025942382121887445
                ],
                "geometry": "sphere",
                "edges": [
                    0,
                    14,
                    13,
                    8,
                    7,
                    9
                ],
                "neighbours": [
                    0,
                    1,
                    1,
                    3,
                    3,
                    5
                ]
            },
            {
                "id": 3,
                "position": [
                    0.03916437761822569,
                    -0.06933601755170074,
                    0.039094060356500586
                ],
                "geometry": "sphere",
                "edges": [
                    10,
                    8,
                    7,
                    3,
                    2,
                    4
                ],
                "neighbours": [
                    0,
                    2,
                    2,
                    4,
                    4,
                    5
                ]
            },
            {
                "id": 4,
                "position": [
                    0.103580863291165,
                    0.04361809348343436,
                    0.06987942686958146
                ],
                "geometry": "sphere",
                "edges": [
                    1,
                    3,
                    2,
                    6,
                    5
                ],
                "neighbours": [
                    1,
                    3,
                    3,
                    5,
                    5
                ]
            },
            {
                "id": 5,
                "position": [
                    -0.023180135791031245,
                    0.0021271327443259692,
                    0.0780030828055895
                ],
                "geometry": "sphere",
                "edges": [
                    12,
                    11,
                    9,
                    4,
                    6,
                    5
                ],
                "neighbours": [
                    0,
                    0,
                    2,
                    3,
                    4,
                    4
                ]
            }
        ],
        "edges": [
            {
                "id": 0,
                "config": [
                    0,
                    2,
                    0,
                    0
                ],
                "amplitude": 0.9942380269010292,
                "phase": 0.0,
                "siblingConfig": [
                    0,
                    0,
                    []
                ]
            },
            {
                "id": 1,
                "config": [
                    1,
                    4,
                    0,
                    0
                ],
                "amplitude": 1.0,
                "phase": 0.0,
                "siblingConfig": [
                    0,
                    0,
                    []
                ]
            },
            {
                "id": 2,
                "config": [
                    3,
                    4,
                    0,
                    0
                ],
                "amplitude": 0.883248201509705,
                "phase": 0.0,
                "siblingConfig": [
                    1,
                    0,
                    [
                        "edge__3"
                    ]
                ]
            },
            {
                "id": 3,
                "config": [
                    3,
                    4,
                    1,
                    1
                ],
                "amplitude": 0.8715958783846268,
                "phase": 1.0,
                "siblingConfig": [
                    1,
                    1,
                    [
                        "edge__2"
                    ]
                ]
            },
            {
                "id": 4,
                "config": [
                    3,
                    5,
                    0,
                    0
                ],
                "amplitude": 1.0,
                "phase": 1.0,
                "siblingConfig": [
                    0,
                    0,
                    []
                ]
            },
            {
                "id": 5,
                "config": [
                    4,
                    5,
                    0,
                    0
                ],
                "amplitude": 0.8915857429222812,
                "phase": 0.0,
                "siblingConfig": [
                    1,
                    0,
                    [
                        "edge__6"
                    ]
                ]
            },
            {
                "id": 6,
                "config": [
                    4,
                    5,
                    1,
                    1
                ],
                "amplitude": 0.905461964630284,
                "phase": 0.0,
                "siblingConfig": [
                    1,
                    1,
                    [
                        "edge__5"
                    ]
                ]
            },
            {
                "id": 7,
                "config": [
                    2,
                    3,
                    0,
                    0
                ],
                "amplitude": 0.6800939556332962,
                "phase": 0.0,
                "siblingConfig": [
                    1,
                    0,
                    [
                        "edge__8"
                    ]
                ]
            },
            {
                "id": 8,
                "config": [
                    2,
                    3,
                    1,
                    1
                ],
                "amplitude": 0.6901468352356731,
                "phase": 0.0,
                "siblingConfig": [
                    1,
                    1,
                    [
                        "edge__7"
                    ]
                ]
            },
            {
                "id": 9,
                "config": [
                    2,
                    5,
                    0,
                    0
                ],
                "amplitude": 0.7046596948895453,
                "phase": 0.0,