{
    "graph": {
        "vertices": [
            {
                "id": 0,
                "position": [
                    0.06163424927852994,
                    -0.09319634148128642,
                    -0.08764341488373661
                ],
                "geometry": "sphere",
                "edges": [
                    25,
                    9,
                    12,
                    5,
                    16
                ],
                "neighbours": [
                    1,
                    1,
                    3,
                    4,
                    7
                ]
            },
            {
                "id": 1,
                "position": [
                    0.06525633144750648,
                    0.045589730314271826,
                    -0.07728769548131287
                ],
                "geometry": "sphere",
                "edges": [
                    25,
                    9,
                    20,
                    13,
                    14,
                    15
                ],
                "neighbours": [
                    0,
                    0,
                    2,
                    3,
                    4,
                    6
                ]
            },
            {
                "id": 2,
                "position": [
                    -0.07477489120035678,
                    0.0465773456489228,
                    -0.06707962758035468
                ],
                "geometry": "sphere",
                "edges": [
                    20,
                    24,
                    8,
                    10
                ],
                "neighbours": [
                    1,
                    3,
                    3,
                    4
                ]
            },
            {
                "id": 3,
                "position": [
                    -0.07771479210249059,
                    -0.07157479280433343,
                    -0.062221264711356916
                ],
                "geometry": "sphere",
                "edges": [
                    12,
                    13,
                    24,
                    8,
                    6,
                    1,
                    22,
                    7,
                    21
                ],
                "neighbours": [
                    0,
                    1,
                    2,
                    2,
                    4,
                    4,
                    5,
                    6,
                    7
                ]
            },
            {
                "id": 4,
                "position": [
                    -0.07556028686780235,
                    0.03228334732420024,
                    0.04637010158217314
                ],
                "geometry": "sphere",
                "edges": [
                    5,
                    14,
                    10,
                    6,
                    1,
                    18,
                    0,
                    4,
                    23,
                    3
                ],
                "neighbours": [
                    0,
                    1,
                    2,
                    3,
                    3,
                    5,
                    5,
                    6,
                    7,
                    7
                ]
            },
            {
                "id": 5,
                "position": [
                    -0.07687854051957344,
                    -0.10184150446634777,
                    0.07395228188362091
                ],
                "geometry": "sphere",
                "edges": [
                    22,
                    18,
                    0,
                    19,
                    11,
                    2
                ],
                "neighbours": [
                    3,
                    4,
                    4,
                    6,
                    6,
                    7
                ]
            },
            {
                "id": 6,
                "position": [
                    0.08101737822856361,
                    0.02763688839208789,
                    0.04348575075664951
                ],
                "geometry": "sphere",
                "edges": [
                    15,
                    7,
                    4,
                    19,
                    11,
                    26,
                    17
                ],
                "neighbours": [
                    1,
                    3,
                    4,
                    5,
                    5,
                    7,
                    7
                ]
            },
            {
                "id": 7,
                "position": [
                    0.07122128873748794,
                    -0.11167692674167462,
                    0.05669557720933738
                ],
                "geometry": "sphere",
                "edges": [
                    16,
                    21,
                    23,
                    3,
                    2,
                    26,
                    17
                ],
                "neighbours": [
                    0,
                    3,
                    4,
                    4,
                    5,
                    6,
                    6
                ]
            }
        ],
        "edges": [
            {
                "id": 0,
                "config": [
                    4,
                    5,
                    0,
                    0
                ],
                "amplitude": 1.0,
                "phase": 0.0,
                "siblingConfig": [
                    1,
                    0,
                    [
                        "edge__18"
                    ]
                ]
            },
            {
                "id": 1,
                "config": [
                    3,
                    4,
                    1,
                    1
                ],
                "amplitude": 0.16839961461414188,
                "phase": 0.0,
                "siblingConfig": [
                    1,
                    0,
                    [
                        "edge__6"
                    ]
                ]
            },
            {
                "id": 2,
                "config": [
                    5,
                    7,
                    0,
                    1
                ],
                "amplitude": 0.1922041497504983,
                "phase": 1.0,
                "siblingConfig": [
                    0,
                    0,
                    []
                ]
            },
            {
                "id": 3,
                "config": [
                    4,
                    7,
                    1,
                    1
                ],
                "amplitude": 0.27019335017356183,
                "phase": 0.0,
                "siblingConfig": [
                    1,
                    0,
                    [
                        "edge__23"
                    ]
                ]
            },
            {
                "id": 4,
                "config": [
                    4,
                    6,
                    1,
                    0
                ],
                "amplitude": 0.29154426942534645,
                "phase": 0.0,
                "siblingConfig": [
                    0,
                    0,
                    []
                ]
            },
            {
                "id": 5,
                "config": [
                    0,
                    4,
                    0,
                    1
                ],
                "amplitude": 0.308922484880863,
                "phase": 0.0,