{
    "graph": {
        "vertices": [
            {
                "id": 0,
                "position": [
                    0.021095788965083597,
                    -0.11456147223679211,
                    0.018126894544614688
                ],
                "geometry": "sphere",
                "edges": [
                    19,
                    7,
                    18,
                    17,
                    9
                ],
                "neighbours": [
                    1,
                    1,
                    2,
                    2,
                    4
                ]
            },
            {
                "id": 1,
                "position": [
                    0.011348374831160022,
                    -0.006283445020185961,
                    0.061712472565580864
                ],
                "geometry": "sphere",
                "edges": [
                    19,
                    7,
                    21,
                    14,
                    4,
                    11,
                    0,
                    6
                ],
                "neighbours": [
                    0,
                    0,
                    2,
                    3,
                    3,
                    4,
                    4,
                    5
                ]
            },
            {
                "id": 2,
                "position": [
                    0.0039194406430088915,
                    -0.039620599506145264,
                    -0.06740284689443808
                ],
                "geometry": "sphere",
                "edges": [
                    18,
                    17,
                    21,
                    16,
                    20,
                    3,
                    2
                ],
                "neighbours": [
                    0,
                    0,
                    1,
                    3,
                    4,
                    4,
                    5
                ]
            },
            {
                "id": 3,
                "position": [
                    0.08385915722576871,
                    -0.02659903502817295,
                    -0.008435179223041265
                ],
                "geometry": "sphere",
                "edges": [
                    14,
                    4,
                    16,
                    13,
                    12,
                    5,
                    15,
                    10
                ],
                "neighbours": [
                    1,
                    1,
                    2,
                    4,
                    4,
                    4,
                    5,
                    5
                ]
            },
            {
                "id": 4,
                "position": [
                    -0.011050160395202067,
                    0.07258190598919455,
                    -0.025966220520935217
                ],
                "geometry": "sphere",
                "edges": [
                    9,
                    11,
                    0,
                    20,
                    3,
                    13,
                    12,
                    5,
                    8,
                    1
                ],
                "neighbours": [
                    0,
                    1,
                    1,
                    2,
                    2,
                    3,
                    3,
                    3,
                    5,
                    5
                ]
            },
            {
                "id": 5,
                "position": [
                    -0.06818790143864382,
                    -0.03735235148727844,
                    0.004830600330024914
                ],
                "geometry": "sphere",
                "edges": [
                    6,
                    2,
                    15,
                    10,
                    8,
                    1
                ],
                "neighbours": [
                    1,
                    2,
                    3,
                    3,
                    4,
                    4
                ]
            }
        ],
        "edges": [
            {
                "id": 0,
                "config": [
                    1,
                    4,
                    0,
                    1
                ],
                "amplitude": 0.3802860078987956,
                "phase": 0.0,
                "siblingConfig": [
                    1,
                    0,
                    [
                        "edge__11"
                    ]
                ]
            },
            {
                "id": 1,
                "config": [
                    4,
                    5,
                    1,
                    0
                ],
                "amplitude": 0.4855323286203291,
                "phase": 1.0,
                "siblingConfig": [
                    1,
                    0,
                    [
                        "edge__8"
                    ]
                ]
            },
            {
                "id": 2,
                "config": [
                    2,
                    5,
                    0,
                    0
                ],
                "amplitude": 0.49604743048193883,
                "phase": 0.0,
                "siblingConfig": [
                    0,
                    0,
                    []
                ]
            },
            {
                "id": 3,
                "config": [
                    2,
                    4,
                    0,
                    1
                ],
                "amplitude": 0.4992693652782102,
                "phase": 0.0,
                "siblingConfig": [
                    1,
                    0,
                    [
                        "edge__20"
                    ]
                ]
            },
            {
                "id": 4,
                "config": [
                    1,
                    3,
                    0,
                    1
                ],
                "amplitude": 0.7294549841937226,
                "phase": 0.0,
                "siblingConfig": [
                    1,
                    0,
                    [
                        "edge__14"
                    ]
                ]
            },
            {
                "id": 5,
                "config": [
                    3,
                    4,
                    1,
                    0
                ],
                "amplitude": 0.7524371285272284,
                "phase": 0.0,
                "siblingConfig": [
                    2,
                    0,
                    [
                        "edge__12",
                        "edge__13"
                    ]
                ]
            },
            {
                "id": 6,
                "config": [
                    1,
                    5,
                    0,
                    0
                ],
                "amplitude": 0.7949386755242707,
                "phase": 1.0,
                "siblingConfig": [
                    0,
                    0,
                    []
                ]
            },
            {
                "id": 7,
                "config": [
                    0,
                    1,
                    1,
                    0
                ],
                "amplitude": 0.8018669032949718,
                "phase": 1.0,
                "siblingConfig": [
                    1,
                    0,
                    [
                        "edge__19"
                    ]
                ]
            },
            {
                "id": 8,
                "config": [
                    4,
                    5,
                    0,
                    0
                ],