{
    "graph": {
        "vertices": [
            {
                "id": 0,
                "position": [
                    0.01334301234399312,
                    0.0283403788391706,
                    -0.04912538365845609
                ],
                "geometry": "sphere",
                "edges": [
                    5,
                    2,
                    0,
                    6,
                    3,
                    1,
                    7
                ],
                "neighbours": [
                    1,
                    1,
                    1,
                    2,
                    2,
                    2,
                    3
                ]
            },
            {
                "id": 1,
                "position": [
                    -0.13396423439579233,
                    0.051124030335295334,
                    0.08422183334455119
                ],
                "geometry": "sphere",
                "edges": [
                    5,
                    2,
                    0,
                    8,
                    4,
                    9
                ],
                "neighbours": [
                    0,
                    0,
                    0,
                    2,
                    2,
                    3
                ]
            },
            {
                "id": 2,
                "position": [
                    -0.04997308026631484,
                    -0.12843695454792234,
                    0.05770129911600444
                ],
                "geometry": "sphere",
                "edges": [
                    6,
                    3,
                    1,
                    8,
                    4,
                    10
                ],
                "neighbours": [
                    0,
                    0,
                    0,
                    1,
                    1,
                    3
                ]
            },
            {
                "id": 3,
                "position": [
                    0.05315974195639949,
                    0.018056857352245437,
                    0.1466011531953913
                ],
                "geometry": "cube",
                "edges": [
                    7,
                    9,
                    10
                ],
                "neighbours": [
                    0,
                    1,
                    2
                ]
            }
        ],
        "edges": [
            {
                "id": 0,
                "config": [
                    0,
                    1,
                    1,
                    1
                ],
                "amplitude": 1.0,
                "phase": 0.0,
                "siblingConfig": [
                    2,
                    0,
                    [
                        "edge__2",
                        "edge__5"
                    ]
                ]
            },
            {
                "id": 1,
                "config": [
                    0,
                    2,
                    1,
                    1
                ],
                "amplitude": 1.0,
                "phase": 0.0,
                "siblingConfig": [
                    2,
                    0,
                    [
                        "edge__3",
                        "edge__6"
                    ]
                ]
            },
            {
                "id": 2,
                "config": [
                    0,
                    1,
                    0,
                    2
                ],
                "amplitude": 0.3398050498539428,
                "phase": 0.0,
                "siblingConfig": [
                    2,
                    1,
                    [
                        "edge__0",
                        "edge__5"
                    ]
                ]
            },
            {
                "id": 3,
                "config": [
                    0,
                    2,
                    2,
                    0
                ],
                "amplitude": 0.3459675606863743,
                "phase": 0.0,
                "siblingConfig": [
                    2,
                    1,
                    [
                        "edge__1",
                        "edge__6"
                    ]
                ]
            },
            {
                "id": 4,
                "config": [
                    1,
                    2,
                    0,
                    2
                ],
                "amplitude": 0.39560944664058717,
                "phase": 0.0,
                "siblingConfig": [
                    1,
                    0,
                    [
                        "edge__8"
                    ]
                ]
            },
            {
                "id": 5,
                "config": [
                    0,
                    1,
                    2,
                    0
                ],
                "amplitude": 0.679608610602662,
                "phase": 1.0,
                "siblingConfig": [
                    2,
                    2,
                    [
                        "edge__0",
                        "edge__2"
                    ]
                ]
            },
            {
                "id": 6,
                "config": [
                    0,
                    2,
                    0,
                    2
                ],
                "amplitude": 0.6919348630215897,
                "phase": 1.0,
                "siblingConfig": [
                    2,
                    2,
                    [
                        "edge__1",
                        "edge__3"
                    ]
                ]
            },
            {
                "id": 7,
                "config": [
                    0,
                    3,
                    1,
                    0
                ],
                "amplitude": 0.7809981708163676,
                "phase": 0.0,
                "siblingConfig": [
                    0,
                    0,
                    []
                ]
            },
            {
                "id": 8,
                "config": [
                    1,
                    2,
                    2,
                    0
                ],
                "amplitude": 0.7912188875866731,
                "phase": 1.0,
                "siblingConfig": [
                    1,
                    1,
                    [
                        "edge__4"
                    ]
                ]
            },
            {
                "id": 9,
                "config": [
                    1,
                    3,
                    1,
                    0
                ],
                "amplitude": 0.893128842665933,
                "phase": 0.0,
                "siblingConfig": [
                    0,
                    0,
                    []
                ]
            },
            {
                "id": 10,
                "config": [
                    2,
                    3,
                    1,
                    0
                ],
                "amplitude": 0.909330234020913,
                "phase": 0.0,
                "siblingConfig": [
                    0,
                    0,
                    []
                ]
            }
        ],
        "amplitudes": [
            -0.3,
            0.15,
            0.15,
            0.875,
            -0.3,
            -0.3,
            0.15
        ],
        "target_state": [
            "012",
            "021",
            "102",
            "111",
            "120",
            "201",
            "210"
        ],
        "num_anc": 1
    }
}