{
    "graph": {
        "vertices": [
            {
                "id": 0,
                "position": [
                    -0.05524254621633267,
                    -0.10885173522550706,
                    0.0418405774907648
                ],
                "geometry": "sphere",
                "edges": [
                    2,
                    0,
                    21,
                    20,
                    19,
                    18
                ],
                "neighbours": [
                    2,
                    2,
                    3,
                    3,
                    5,
                    5
                ]
            },
            {
                "id": 1,
                "position": [
                    0.0021763460812586,
                    0.05640980001483428,
                    0.031111851839381297
                ],
                "geometry": "sphere",
                "edges": [
                    17,
                    16,
                    15,
                    14,
                    13,
                    12,
                    11,
                    10,
                    9,
                    8
                ],
                "neighbours": [
                    2,
                    2,
                    2,
                    2,
                    3,
                    3,
                    4,
                    4,
                    5,
                    5
                ]
            },
            {
                "id": 2,
                "position": [
                    -0.07360620924276812,
                    -0.018095784689769013,
                    -0.05071258947840355
                ],
                "geometry": "sphere",
                "edges": [
                    2,
                    0,
                    17,
                    16,
                    15,
                    14,
                    7,
                    6
                ],
                "neighbours": [
                    0,
                    0,
                    1,
                    1,
                    1,
                    1,
                    3,
                    3
                ]
            },
            {
                "id": 3,
                "position": [
                    0.04310385871930672,
                    -0.04792879396366169,
                    -0.026410941173088343
                ],
                "geometry": "sphere",
                "edges": [
                    21,
                    20,
                    13,
                    12,
                    7,
                    6,
                    5,
                    4
                ],
                "neighbours": [
                    0,
                    0,
                    1,
                    1,
                    2,
                    2,
                    4,
                    4
                ]
            },
            {
                "id": 4,
                "position": [
                    0.10584606556384249,
                    0.009354492313994071,
                    0.07737421014486744
                ],
                "geometry": "sphere",
                "edges": [
                    11,
                    10,
                    5,
                    4,
                    3,
                    1
                ],
                "neighbours": [
                    1,
                    1,
                    3,
                    3,
                    5,
                    5
                ]
            },
            {
                "id": 5,
                "position": [
                    -0.004757373357968505,
                    -0.021709993912617628,
                    0.14015822393470556
                ],
                "geometry": "sphere",
                "edges": [
                    19,
                    18,
                    9,
                    8,
                    3,
                    1
                ],
                "neighbours": [
                    0,
                    0,
                    1,
                    1,
                    4,
                    4
                ]
            }
        ],
        "edges": [
            {
                "id": 0,
                "config": [
                    0,
                    2,
                    1,
                    0
                ],
                "amplitude": 1.0,
                "phase": 1.0,
                "siblingConfig": [
                    1,
                    0,
                    [
                        "edge__2"
                    ]
                ]
            },
            {
                "id": 1,
                "config": [
                    4,
                    5,
                    1,
                    2
                ],
                "amplitude": 1.0,
                "phase": 1.0,
                "siblingConfig": [
                    1,
                    0,
                    [
                        "edge__3"
                    ]
                ]
            },
            {
                "id": 2,
                "config": [
                    0,
                    2,
                    0,
                    1
                ],
                "amplitude": 1.0,
                "phase": 0.0,
                "siblingConfig": [
                    1,
                    1,
                    [
                        "edge__0"
                    ]
                ]
            },
            {
                "id": 3,
                "config": [
                    4,
                    5,
                    0,
                    3
                ],
                "amplitude": 1.0,
                "phase": 1.0,
                "siblingConfig": [
                    1,
                    1,
                    [
                        "edge__1"
                    ]
                ]
            },
            {
                "id": 4,
                "config": [
                    3,
                    4,
                    1,
                    2
                ],
                "amplitude": 1.0,
                "phase": 1.0,
                "siblingConfig": [
                    1,
                    0,
                    [
                        "edge__5"
                    ]
                ]
            },
            {
                "id": 5,
                "config": [
                    3,
                    4,
                    0,
                    3
                ],
                "amplitude": 1.0,
                "phase": 1.0,
                "siblingConfig": [
                    1,
                    1,
                    [
                        "edge__4"
                    ]
                ]
            },
            {
                "id": 6,
                "config": [
                    2,
                    3,
                    1,
                    2
                ],
                "amplitude": 1.0,
                "phase": 1.0,
                "siblingConfig": [
                    1,
                    0,
                    [
                        "edge__7"
                    ]
                ]
            },
            {
                "id": 7,
                "config": [
                    2,
                    3,
                    0,
                    3
                ],
                "amplitude": 1.0,
                "phase": 1.0,
                "siblingConfig": [
                    1,
                    1,
                    [
                        "edge__6"
                    ]
                ]
            },
            {
                "id": 8,
                "config": [
                    1,
                    5,
                    3,
                    2
                ],
                "amplitude": 1.0,
                "phase": 0.0,