{
    "graph": {
        "vertices": [
            {
                "id": 0,
                "position": [
                    0.0848265498625502,
                    -0.013550179877768895,
                    -0.08294763396823357
                ],
                "geometry": "sphere",
                "edges": [
                    14,
                    13,
                    2,
                    1,
                    0,
                    3,
                    4
                ],
                "neighbours": [
                    1,
                    1,
                    2,
                    2,
                    2,
                    3,
                    4
                ]
            },
            {
                "id": 1,
                "position": [
                    -0.012922407236311407,
                    0.0430420381884124,
                    -0.054279120694311817
                ],
                "geometry": "sphere",
                "edges": [
                    14,
                    13,
                    7,
                    6,
                    5,
                    8,
                    9
                ],
                "neighbours": [
                    0,
                    0,
                    2,
                    2,
                    2,
                    3,
                    4
                ]
            },
            {
                "id": 2,
                "position": [
                    0.0836188189134808,
                    0.04519250152252337,
                    0.03381034361307702
                ],
                "geometry": "sphere",
                "edges": [
                    2,
                    1,
                    0,
                    7,
                    6,
                    5,
                    11,
                    10
                ],
                "neighbours": [
                    0,
                    0,
                    0,
                    1,
                    1,
                    1,
                    4,
                    5
                ]
            },
            {
                "id": 3,
                "position": [
                    -0.008707993695234324,
                    -0.0861829902718282,
                    -0.02165186851469776
                ],
                "geometry": "cube",
                "edges": [
                    3,
                    8,
                    12
                ],
                "neighbours": [
                    0,
                    1,
                    5
                ]
            },
            {
                "id": 4,
                "position": [
                    0.0908730597684699,
                    0.11022339102014687,
                    -0.06982767113081292
                ],
                "geometry": "cube",
                "edges": [
                    4,
                    9,
                    11
                ],
                "neighbours": [
                    0,
                    1,
                    2
                ]
            },
            {
                "id": 5,
                "position": [
                    0.041047236551352534,
                    -0.06353879309384246,
                    0.10329484525318396
                ],
                "geometry": "cube",
                "edges": [
                    10,
                    12
                ],
                "neighbours": [
                    2,
                    3
                ]
            }
        ],
        "edges": [
            {
                "id": 0,
                "config": [
                    0,
                    2,
                    0,
                    2
                ],
                "amplitude": 1.0,
                "phase": 0.0,
                "siblingConfig": [
                    2,
                    0,
                    [
                        "edge__1",
                        "edge__2"
                    ]
                ]
            },
            {
                "id": 1,
                "config": [
                    0,
                    2,
                    1,
                    1
                ],
                "amplitude": 1.0,
                "phase": 0.0,
                "siblingConfig": [
                    2,
                    1,
                    [
                        "edge__0",
                        "edge__2"
                    ]
                ]
            },
            {
                "id": 2,
                "config": [
                    0,
                    2,
                    2,
                    0
                ],
                "amplitude": 1.0,
                "phase": 0.0,
                "siblingConfig": [
                    2,
                    2,
                    [
                        "edge__0",
                        "edge__1"
                    ]
                ]
            },
            {
                "id": 3,
                "config": [
                    0,
                    3,
                    1,
                    0
                ],
                "amplitude": 1.0,
                "phase": 0.0,
                "siblingConfig": [
                    0,
                    0,
                    []
                ]
            },
            {
                "id": 4,
                "config": [
                    0,
                    4,
                    1,
                    0
                ],
                "amplitude": 1.0,
                "phase": 0.0,
                "siblingConfig": [
                    0,
                    0,
                    []
                ]
            },
            {
                "id": 5,
                "config": [
                    1,
                    2,
                    0,
                    2
                ],
                "amplitude": 1.0,
                "phase": 0.0,
                "siblingConfig": [
                    2,
                    0,
                    [
                        "edge__6",
                        "edge__7"
                    ]
                ]
            },
            {
                "id": 6,
                "config": [
                    1,
                    2,
                    1,
                    1
                ],
                "amplitude": 1.0,
                "phase": 0.0,
                "siblingConfig": [
                    2,
                    1,
                    [
                        "edge__5",
                        "edge__7"
                    ]
                ]
            },
            {
                "id": 7,
                "config": [
                    1,
                    2,
                    2,
                    0
                ],
                "amplitude": 1.0,
                "phase": 0.0,
                "siblingConfig": [
                    2,
                    2,
                    [
                        "edge__5",
                        "edge__6"
                    ]
                ]
            },
            {
                "id": 8,
                "config": [
                    1,
                    3,
                    1,
                    0
                ],
                "amplitude": 1.0,
                "phase": 0.0,
                "siblingConfig": [
                    0,
                    0,
                    []
                ]
            },
            {
                "id": 9,
                "config": [
                    1,
                    4,
                    1,
                    0
                ],
                "amplitude": 1.0,
                "phase": 0.0,
                "siblingConfig": [
                    0,
                    0,
                    []
                ]
            },
            {
                "id": 10,