{
    "graph": {
        "vertices": [
            {
                "id": 0,
                "position": [
                    0.01334301234399312,
                    0.0283403788391706,
                    -0.04912538365845609
                ],
                "geometry": "sphere",
                "edges": [
                    7,
                    3,
                    9,
                    2,
                    1,
                    5
                ],
                "neighbours": [
                    1,
                    1,
                    2,
                    2,
                    2,
                    3
                ]
            },
            {
                "id": 1,
                "position": [
                    -0.13396423439579233,
                    0.051124030335295334,
                    0.08422183334455119
                ],
                "geometry": "sphere",
                "edges": [
                    7,
                    3,
                    8,
                    4,
                    0
                ],
                "neighbours": [
                    0,
                    0,
                    2,
                    2,
                    3
                ]
            },
            {
                "id": 2,
                "position": [
                    -0.04997308026631484,
                    -0.12843695454792234,
                    0.05770129911600444
                ],
                "geometry": "sphere",
                "edges": [
                    9,
                    2,
                    1,
                    8,
                    4,
                    6
                ],
                "neighbours": [
                    0,
                    0,
                    0,
                    1,
                    1,
                    3
                ]
            },
            {
                "id": 3,
                "position": [
                    0.05315974195639949,
                    0.018056857352245437,
                    0.1466011531953913
                ],
                "geometry": "cube",
                "edges": [
                    5,
                    0,
                    6
                ],
                "neighbours": [
                    0,
                    1,
                    2
                ]
            }
        ],
        "edges": [
            {
                "id": 0,
                "config": [
                    1,
                    3,
                    3,
                    0
                ],
                "amplitude": 1.0,
                "phase": 0.0,
                "siblingConfig": [
                    0,
                    0,
                    []
                ]
            },
            {
                "id": 1,
                "config": [
                    0,
                    2,
                    2,
                    0
                ],
                "amplitude": 0.1250021523692456,
                "phase": 0.0,
                "siblingConfig": [
                    2,
                    0,
                    [
                        "edge__2",
                        "edge__9"
                    ]
                ]
            },
            {
                "id": 2,
                "config": [
                    0,
                    2,
                    0,
                    2
                ],
                "amplitude": 0.12500215434120682,
                "phase": 0.0,
                "siblingConfig": [
                    2,
                    1,
                    [
                        "edge__1",
                        "edge__9"
                    ]
                ]
            },
            {
                "id": 3,
                "config": [
                    0,
                    1,
                    0,
                    4
                ],
                "amplitude": 0.13106968624801008,
                "phase": 0.0,
                "siblingConfig": [
                    1,
                    0,
                    [
                        "edge__7"
                    ]
                ]
            },
            {
                "id": 4,
                "config": [
                    1,
                    2,
                    4,
                    0
                ],
                "amplitude": 0.20758272252903287,
                "phase": 0.0,
                "siblingConfig": [
                    1,
                    0,
                    [
                        "edge__8"
                    ]
                ]
            },
            {
                "id": 5,
                "config": [
                    0,
                    3,
                    1,
                    0
                ],
                "amplitude": 0.30116510522326556,
                "phase": 0.0,
                "siblingConfig": [
                    0,
                    0,
                    []
                ]
            },
            {
                "id": 6,
                "config": [
                    2,
                    3,
                    1,
                    0
                ],
                "amplitude": 0.4768505999434571,
                "phase": 0.0,
                "siblingConfig": [
                    0,
                    0,
                    []
                ]
            },
            {
                "id": 7,
                "config": [
                    0,
                    1,
                    2,
                    2
                ],
                "amplitude": 0.5242788002322031,
                "phase": 0.0,
                "siblingConfig": [
                    1,
                    1,
                    [
                        "edge__3"
                    ]
                ]
            },
            {
                "id": 8,
                "config": [
                    1,
                    2,
                    2,
                    2
                ],
                "amplitude": 0.8300986946795763,
                "phase": 0.0,
                "siblingConfig": [
                    1,
                    1,
                    [
                        "edge__4"
                    ]
                ]
            },
            {
                "id": 9,
                "config": [
                    0,
                    2,
                    1,
                    1
                ],
                "amplitude": 1.0,
                "phase": 0.0,
                "siblingConfig": [
                    2,
                    2,
                    [
                        "edge__1",
                        "edge__2"
                    ]
                ]
            }
        ],
        "amplitudes": [
            0.25,
            0.5,
            0.125,
            2,
            0.5,
            0.125,
            0.25
        ],
        "target_state": [
            "214",
            "223",
            "304",
            "313",
            "322",
            "403",
            "412"
        ],
        "num_anc": 1
    }
}