{
    "graph": {
        "vertices": [
            {
                "id": 0,
                "position": [
                    -0.0015981698305522207,
                    -0.004137648288488949,
                    -0.0337506383143078
                ],
                "geometry": "tetrahedron",
                "edges": [
                    0,
                    2,
                    1,
                    3
                ],
                "neighbours": [
                    2,
                    3,
                    3,
                    6
                ]
            },
            {
                "id": 1,
                "position": [
                    0.0032605731184319822,
                    0.02402637855911116,
                    0.035257111949676734
                ],
                "geometry": "tetrahedron",
                "edges": [
                    5,
                    4,
                    11,
                    10,
                    9,
                    8,
                    7,
                    6,
                    14,
                    13,
                    12,
                    15
                ],
                "neighbours": [
                    2,
                    2,
                    3,
                    3,
                    3,
                    3,
                    3,
                    3,
                    6,
                    6,
                    6,
                    7
                ]
            },
            {
                "id": 2,
                "position": [
                    -0.08965451971084953,
                    0.0925536528867682,
                    -0.024646477629948538
                ],
                "geometry": "sphere",
                "edges": [
                    0,
                    5,
                    4,
                    16,
                    17
                ],
                "neighbours": [
                    0,
                    1,
                    1,
                    5,
                    6
                ]
            },
            {
                "id": 3,
                "position": [
                    0.06696862220632802,
                    0.08519789629687435,
                    -0.027461909423561415
                ],
                "geometry": "sphere",
                "edges": [
                    2,
                    1,
                    11,
                    10,
                    9,
                    8,
                    7,
                    6,
                    19,
                    18,
                    21,
                    20
                ],
                "neighbours": [
                    0,
                    0,
                    1,
                    1,
                    1,
                    1,
                    1,
                    1,
                    4,
                    4,
                    5,
                    5
                ]
            },
            {
                "id": 4,
                "position": [
                    0.08344895681138825,
                    -0.026059256424165844,
                    0.015054523072404624
                ],
                "geometry": "tetrahedron",
                "edges": [
                    19,
                    18,
                    22,
                    23
                ],
                "neighbours": [
                    3,
                    3,
                    6,
                    7
                ]
            },
            {
                "id": 5,
                "position": [
                    -0.0036817881339804986,
                    0.10249973239396648,
                    -0.03889711011364505
                ],
                "geometry": "tetrahedron",
                "edges": [
                    16,
                    21,
                    20,
                    24
                ],
                "neighbours": [
                    2,
                    3,
                    3,
                    7
                ]
            },
            {
                "id": 6,
                "position": [
                    -0.06402067196204772,
                    -0.058513074060195236,
                    0.02198377245242078
                ],
                "geometry": "cube",
                "edges": [
                    3,
                    14,
                    13,
                    12,
                    17,
                    22
                ],
                "neighbours": [
                    0,
                    1,
                    1,
                    1,
                    2,
                    4
                ]
            },
            {
                "id": 7,
                "position": [
                    -0.0007972972262855413,
                    0.01104679449615742,
                    -0.0038587271074965734
                ],
                "geometry": "cube",
                "edges": [
                    15,
                    23,
                    24
                ],
                "neighbours": [
                    1,
                    4,
                    5
                ]
            }
        ],
        "edges": [
            {
                "id": 0,
                "config": [
                    0,
                    2,
                    1,
                    1
                ],
                "amplitude": 1.0,
                "phase": 1.0,
                "siblingConfig": [
                    0,
                    0,
                    []
                ]
            },
            {
                "id": 1,
                "config": [
                    0,
                    3,
                    0,
                    0
                ],
                "amplitude": 1.0,
                "phase": 1.0,
                "siblingConfig": [
                    1,
                    0,
                    [
                        "edge__2"
                    ]
                ]
            },
            {
                "id": 2,
                "config": [
                    0,
                    3,
                    0,
                    2
                ],
                "amplitude": 1.0,
                "phase": 1.0,
                "siblingConfig": [
                    1,
                    1,
                    [
                        "edge__1"
                    ]
                ]
            },
            {
                "id": 3,
                "config": [
                    0,
                    6,
                    0,
                    0
                ],
                "amplitude": 1.0,
                "phase": 1.0,
                "siblingConfig": [
                    0,
                    0,
                    []
                ]
            },
            {
                "id": 4,
                "config": [
                    1,
                    2,
                    0,
                    0
                ],
                "amplitude": 1.0,
                "phase": 0.0,
                "siblingConfig": [
                    1,
                    0,
                    [
                        "edge__5"
                    ]
                ]
            },
            {
                "id": 5,
                "config": [
                    1,
                    2,
                    2,
                    0
                ],
                "amplitude": 1.0,
                "phase": 1.0,
                "siblingConfig": [
                    1,
                    1,
                    [
                        "edge__4"
                    ]
                ]
            },
            {
                "id": 6,
                "config": [
                    1,
                    3,
                    0,
                    0
                ],
                "amplitude": 1.0,