{
    "graph": {
        "vertices": [
            {
                "id": 0,
                "position": [
                    0.003935315053227194,
                    -0.05057041083021761,
                    -0.03734529279903034
                ],
                "geometry": "tetrahedron",
                "edges": [
                    4,
                    0,
                    1,
                    23,
                    2,
                    22,
                    3
                ],
                "neighbours": [
                    3,
                    4,
                    5,
                    8,
                    8,
                    9,
                    9
                ]
            },
            {
                "id": 1,
                "position": [
                    0.00854524705717216,
                    -0.12187849202940979,
                    -0.05965948609208534
                ],
                "geometry": "tetrahedron",
                "edges": [
                    21,
                    20,
                    19
                ],
                "neighbours": [
                    3,
                    4,
                    9
                ]
            },
            {
                "id": 2,
                "position": [
                    0.1677836096603961,
                    0.051712096579484154,
                    -0.0024091400535679315
                ],
                "geometry": "sphere",
                "edges": [
                    18,
                    5,
                    17,
                    16,
                    15,
                    14,
                    13
                ],
                "neighbours": [
                    4,
                    4,
                    5,
                    5,
                    6,
                    8,
                    9
                ]
            },
            {
                "id": 3,
                "position": [
                    -0.14533696178028807,
                    0.0364683584743457,
                    -0.009689374480633032
                ],
                "geometry": "sphere",
                "edges": [
                    4,
                    21,
                    12,
                    11,
                    10
                ],
                "neighbours": [
                    0,
                    1,
                    7,
                    8,
                    9
                ]
            },
            {
                "id": 4,
                "position": [
                    0.045614480329321354,
                    -0.07987947121046111,
                    -0.04282454850001401
                ],
                "geometry": "cube",
                "edges": [
                    0,
                    20,
                    18,
                    5
                ],
                "neighbours": [
                    0,
                    1,
                    2,
                    2
                ]
            },
            {
                "id": 5,
                "position": [
                    0.002868147629870601,
                    -0.004431824370418002,
                    0.08690887551841799
                ],
                "geometry": "cube",
                "edges": [
                    1,
                    17,
                    16,
                    9
                ],
                "neighbours": [
                    0,
                    2,
                    2,
                    7
                ]
            },
            {
                "id": 6,
                "position": [
                    -0.0014439466878981286,
                    0.05366280906308506,
                    -0.02507802094336261
                ],
                "geometry": "cube",
                "edges": [
                    15,
                    8,
                    7
                ],
                "neighbours": [
                    2,
                    8,
                    9
                ]
            },
            {
                "id": 7,
                "position": [
                    0.0031127486121422165,
                    0.016871044669900522,
                    0.04904128278279597
                ],
                "geometry": "cube",
                "edges": [
                    12,
                    9,
                    6
                ],
                "neighbours": [
                    3,
                    5,
                    8
                ]
            },
            {
                "id": 8,
                "position": [
                    0.002227341914214836,
                    0.03471617658806058,
                    0.010226120832099698
                ],
                "geometry": "cube",
                "edges": [
                    23,
                    2,
                    14,
                    11,
                    8,
                    6
                ],
                "neighbours": [
                    0,
                    0,
                    2,
                    3,
                    6,
                    7
                ]
            },
            {
                "id": 9,
                "position": [
                    -0.0011844293787503233,
                    0.08151307892834801,
                    -0.07918665052088554
                ],
                "geometry": "cube",
                "edges": [
                    22,
                    3,
                    19,
                    13,
                    10,
                    7
                ],
                "neighbours": [
                    0,
                    0,
                    1,
                    2,
                    3,
                    6
                ]
            }
        ],
        "edges": [
            {
                "id": 0,
                "config": [
                    0,
                    4,
                    1,
                    0
                ],
                "amplitude": 1.0,
                "phase": 0.0,
                "siblingConfig": [
                    0,
                    0,
                    []
                ]
            },
            {
                "id": 1,
                "config": [
                    0,
                    5,
                    0,
                    0
                ],
                "amplitude": 1.0,
                "phase": 1.0,
                "siblingConfig": [
                    0,
                    0,
                    []
                ]
            },
            {
                "id": 2,
                "config": [
                    0,
                    8,
                    0,
                    0
                ],
                "amplitude": 1.0,
                "phase": 0.0,
                "siblingConfig": [
                    1,
                    0,
                    [
                        "edge__23"
                    ]
                ]
            },
            {
                "id": 3,
                "config": [
                    0,
                    9,
                    1,
                    0
                ],
                "amplitude": 1.0,
                "phase": 1.0,
                "siblingConfig": [
                    1,
                    0,
                    [
                        "edge__22"
                    ]
                ]
            },
            {
                "id": 4,
                "config": [
                    0,
                    3,
                    3,
                    3
                ],
                "amplitude": 1.0,
                "phase": 1.0,
                "siblingConfig": [
                    0,
                    0,
                    []
                ]
            },
            {
                "id": 5,