{
    "graph": {
        "vertices": [
            {
                "id": 0,
                "position": [
                    0.01334301234399312,
                    0.0283403788391706,
                    -0.04912538365845609
                ],
                "geometry": "sphere",
                "edges": [
                    20,
                    14,
                    10,
                    2,
                    21,
                    13,
                    8,
                    7,
                    5,
                    12,
                    9,
                    6
                ],
                "neighbours": [
                    1,
                    1,
                    1,
                    1,
                    2,
                    2,
                    2,
                    2,
                    2,
                    3,
                    3,
                    3
                ]
            },
            {
                "id": 1,
                "position": [
                    -0.13396423439579233,
                    0.051124030335295334,
                    0.08422183334455119
                ],
                "geometry": "sphere",
                "edges": [
                    20,
                    14,
                    10,
                    2,
                    22,
                    19,
                    17,
                    4,
                    3,
                    1,
                    0,
                    18,
                    11
                ],
                "neighbours": [
                    0,
                    0,
                    0,
                    0,
                    2,
                    2,
                    2,
                    2,
                    2,
                    2,
                    2,
                    3,
                    3
                ]
            },
            {
                "id": 2,
                "position": [
                    -0.04997308026631484,
                    -0.12843695454792234,
                    0.05770129911600444
                ],
                "geometry": "sphere",
                "edges": [
                    21,
                    13,
                    8,
                    7,
                    5,
                    22,
                    19,
                    17,
                    4,
                    3,
                    1,
                    0,
                    16,
                    15
                ],
                "neighbours": [
                    0,
                    0,
                    0,
                    0,
                    0,
                    1,
                    1,
                    1,
                    1,
                    1,
                    1,
                    1,
                    3,
                    3
                ]
            },
            {
                "id": 3,
                "position": [
                    0.05315974195639949,
                    0.018056857352245437,
                    0.1466011531953913
                ],
                "geometry": "cube",
                "edges": [
                    12,
                    9,
                    6,
                    18,
                    11,
                    16,
                    15
                ],
                "neighbours": [
                    0,
                    0,
                    0,
                    1,
                    1,
                    2,
                    2
                ]
            }
        ],
        "edges": [
            {
                "id": 0,
                "config": [
                    1,
                    2,
                    2,
                    3
                ],
                "amplitude": 0.002033840511027692,
                "phase": 0.0,
                "siblingConfig": [
                    6,
                    0,
                    [
                        "edge__1",
                        "edge__3",
                        "edge__4",
                        "edge__17",
                        "edge__19",
                        "edge__22"
                    ]
                ]
            },
            {
                "id": 1,
                "config": [
                    1,
                    2,
                    1,
                    3
                ],
                "amplitude": 0.0045850644054507205,
                "phase": 0.0,
                "siblingConfig": [
                    6,
                    1,
                    [
                        "edge__0",
                        "edge__3",
                        "edge__4",
                        "edge__17",
                        "edge__19",
                        "edge__22"
                    ]
                ]
            },
            {
                "id": 2,
                "config": [
                    0,
                    1,
                    1,
                    2
                ],
                "amplitude": 0.007462145230693175,
                "phase": 0.0,
                "siblingConfig": [
                    3,
                    0,
                    [
                        "edge__10",
                        "edge__14",
                        "edge__20"
                    ]
                ]
            },
            {
                "id": 3,
                "config": [
                    1,
                    2,
                    0,
                    3
                ],
                "amplitude": 0.007924877348180794,
                "phase": 0.0,
                "siblingConfig": [
                    6,
                    2,
                    [
                        "edge__0",
                        "edge__1",
                        "edge__4",
                        "edge__17",
                        "edge__19",
                        "edge__22"
                    ]
                ]
            },
            {
                "id": 4,
                "config": [
                    1,
                    2,
                    2,
                    1
                ],
                "amplitude": 0.008980549643377562,
                "phase": 1.0,
                "siblingConfig": [
                    6,
                    3,
                    [
                        "edge__0",
                        "edge__1",
                        "edge__3",
                        "edge__17",
                        "edge__19",
                        "edge__22"
                    ]
                ]
            },
            {
                "id": 5,
                "config": [
                    0,
                    2,
                    2,
                    2
                ],
                "amplitude": 0.132437493299615,
                "phase": 0.0,
                "siblingConfig": [
                    4,
                    0,
                    [
                        "edge__7",
                        "edge__8",
                        "edge__13",
                        "edge__21"
                    ]
                ]
            },
            {
                "id": 6,
                "config": [
                    0,
                    3,
                    2,
                    0
                ],
                "amplitude": 0.1343331708601069,
                "phase": 0.0,
                "siblingConfig": [
                    2,
                    0,
                    [
                        "edge__9",
                        "edge__12"
                    ]
                ]
            },
            {
                "id": 7,
                "config": [
                    0,
                    2,
                    2,
                    1
                ],
                "amplitude": 0.23379219030377504,
                "phase": 1.0,