{
    "graph": {
        "vertices": [
            {
                "id": 0,
                "position": [
                    0.01334301234399312,
                    0.0283403788391706,
                    -0.04912538365845609
                ],
                "geometry": "sphere",
                "edges": [
                    4,
                    7,
                    0,
                    5
                ],
                "neighbours": [
                    1,
                    2,
                    2,
                    3
                ]
            },
            {
                "id": 1,
                "position": [
                    -0.13396423439579233,
                    0.051124030335295334,
                    0.08422183334455119
                ],
                "geometry": "sphere",
                "edges": [
                    4,
                    8,
                    2,
                    1,
                    6
                ],
                "neighbours": [
                    0,
                    2,
                    2,
                    2,
                    3
                ]
            },
            {
                "id": 2,
                "position": [
                    -0.04997308026631484,
                    -0.12843695454792234,
                    0.05770129911600444
                ],
                "geometry": "sphere",
                "edges": [
                    7,
                    0,
                    8,
                    2,
                    1,
                    3
                ],
                "neighbours": [
                    0,
                    0,
                    1,
                    1,
                    1,
                    3
                ]
            },
            {
                "id": 3,
                "position": [
                    0.05315974195639949,
                    0.018056857352245437,
                    0.1466011531953913
                ],
                "geometry": "cube",
                "edges": [
                    5,
                    6,
                    3
                ],
                "neighbours": [
                    0,
                    1,
                    2
                ]
            }
        ],
        "edges": [
            {
                "id": 0,
                "config": [
                    0,
                    2,
                    0,
                    2
                ],
                "amplitude": 0.4450774437544219,
                "phase": 0.0,
                "siblingConfig": [
                    1,
                    0,
                    [
                        "edge__7"
                    ]
                ]
            },
            {
                "id": 1,
                "config": [
                    1,
                    2,
                    1,
                    4
                ],
                "amplitude": 0.4456930070376479,
                "phase": 0.0,
                "siblingConfig": [
                    2,
                    0,
                    [
                        "edge__2",
                        "edge__8"
                    ]
                ]
            },
            {
                "id": 2,
                "config": [
                    1,
                    2,
                    0,
                    3
                ],
                "amplitude": 0.44569302352835394,
                "phase": 0.0,
                "siblingConfig": [
                    2,
                    1,
                    [
                        "edge__1",
                        "edge__8"
                    ]
                ]
            },
            {
                "id": 3,
                "config": [
                    2,
                    3,
                    1,
                    0
                ],
                "amplitude": 0.5318221999467856,
                "phase": 0.0,
                "siblingConfig": [
                    0,
                    0,
                    []
                ]
            },
            {
                "id": 4,
                "config": [
                    0,
                    1,
                    0,
                    0
                ],
                "amplitude": 0.8246064005157355,
                "phase": 0.0,
                "siblingConfig": [
                    0,
                    0,
                    []
                ]
            },
            {
                "id": 5,
                "config": [
                    0,
                    3,
                    1,
                    0
                ],
                "amplitude": 0.9839314614948391,
                "phase": 0.0,
                "siblingConfig": [
                    0,
                    0,
                    []
                ]
            },
            {
                "id": 6,
                "config": [
                    1,
                    3,
                    1,
                    0
                ],
                "amplitude": 0.9852692482870801,
                "phase": 0.0,
                "siblingConfig": [
                    0,
                    0,
                    []
                ]
            },
            {
                "id": 7,
                "config": [
                    0,
                    2,
                    0,
                    0
                ],
                "amplitude": 0.9906659478980295,
                "phase": 0.0,
                "siblingConfig": [
                    1,
                    1,
                    [
                        "edge__0"
                    ]
                ]
            },
            {
                "id": 8,
                "config": [
                    1,
                    2,
                    0,
                    0
                ],
                "amplitude": 0.9920327171041425,
                "phase": 0.0,
                "siblingConfig": [
                    2,
                    2,
                    [
                        "edge__1",
                        "edge__2"
                    ]
                ]
            }
        ],
        "amplitudes": [
            0.69,
            0.69,
            0.31,
            0.31,
            0.31,
            0.31
        ],
        "target_state": [
            "010",
            "100",
            "001",
            "012",
            "103",
            "114"
        ],
        "num_anc": 1
    }
}